"AB Ref No.","ASN Ref No","Document No.","Material No.",Qty,BBD,"Fulfillment Status","Created By","Last Change"
000001,000001,9800510842,9010000004,640,2023-11-13,Done,"Christian B. Salvacion","2023-06-27 06:40:48"
000002,000001,9800510845,9010000016,640,2023-12-16,Done,"Christian B. Salvacion","2023-06-27 06:40:55"
000003,000001,9800510848,9010000016,320,2023-11-15,Done,"Christian B. Salvacion","2023-06-27 06:41:28"
000004,000002,9800510848,9010000016,320,2023-12-16,Done,"Christian B. Salvacion","2023-06-27 06:41:35"
000005,000001,9800510850,9010000049,640,2023-11-18,Done,"Christian B. Salvacion","2023-06-27 06:41:53"
000006,000001,9800510844,9010000016,640,2023-12-16,Done,"Christian B. Salvacion","2023-06-27 06:41:40"
000007,000001,9800510847,9010000016,640,2023-12-16,Done,"Christian B. Salvacion","2023-06-27 06:41:47"
000008,000001,9800510849,9010000049,640,2023-11-18,Done,"Christian B. Salvacion","2023-06-27 06:41:59"
000009,000001,9800510855,9010000049,640,2023-11-18,Done,"Christian B. Salvacion","2023-06-27 06:42:05"
000010,000006,9800511129,9020000236,60,2023-12-19,Done,"Christian B. Salvacion","2023-06-27 06:42:19"
000011,000006,9800511129,9020000236,60,2023-12-22,Done,"Christian B. Salvacion","2023-06-27 06:42:25"
000012,000006,9800511129,9020000236,60,2023-12-23,Done,"Christian B. Salvacion","2023-06-27 06:42:34"
000013,000006,9800511129,9020000236,60,2023-12-21,Done,"Christian B. Salvacion","2023-06-27 06:42:44"
000015,000003,9800510895,9020000236,660,2023-12-22,Done,"Christian B. Salvacion","2023-06-27 06:42:55"
000016,000004,9800510895,9020000236,480,2023-12-23,Done,"Christian B. Salvacion","2023-06-27 06:42:59"
000017,000005,9800510895,9020000236,60,2023-12-21,Done,"Christian B. Salvacion","2023-06-27 06:43:05"
000018,000006,9800511129,9020000236,960,2023-12-24,Done,"Christian B. Salvacion","2023-06-27 06:43:10"
000019,000001,9800510858,9010000074,640,2023-12-19,Done,"Christian B. Salvacion","2023-06-27 06:42:10"
000020,000001,9800510812,9010000004,1085,2023-11-13,Done,"Christian B. Salvacion","2023-06-27 06:35:51"
000021,000001,9800510681,9020000036,1280,2024-03-08,Done,"Christian B. Salvacion","2023-06-27 10:36:50"
000022,000001,9800510700,9010000004,1087,2023-11-13,Done,"Christian B. Salvacion","2023-06-27 09:52:56"
000023,000003,9800511050,9020000236,1140,2023-12-21,Done,"Christian B. Salvacion","2023-06-27 09:09:01"
000024,000004,9800511050,9020000236,60,2023-12-19,Done,"Christian B. Salvacion","2023-06-27 09:09:19"
000025,000001,9800510865,9010000059,850,2023-12-14,Done,"Christian B. Salvacion","2023-06-27 09:09:27"
000026,000001,9800510866,9010000059,450,2023-12-15,Done,"Christian B. Salvacion","2023-06-27 09:51:06"
000027,000007,9800510866,9010000059,400,2023-12-14,Done,"Christian B. Salvacion","2023-06-27 09:51:01"
000028,000001,9800510867,9010000059,850,2023-12-14,Done,"Christian B. Salvacion","2023-06-27 09:50:55"
000029,000001,9800510854,9010000049,640,2023-11-18,Done,"Christian B. Salvacion","2023-06-27 14:32:12"
000030,000001,9800510859,9010000074,640,2023-12-19,Done,"Christian B. Salvacion","2023-06-27 15:21:21"
000031,000001,9800510863,9010000202,640,2023-12-18,Done,"Christian B. Salvacion","2023-06-27 20:11:58"
000032,000001,9800510856,9010000074,640,2023-12-19,Done,"Christian B. Salvacion","2023-06-27 21:29:40"
000033,000001,9800510860,9010000074,640,2023-12-19,Done,"Christian B. Salvacion","2023-06-27 21:45:22"
000034,000001,9800510841,9010000004,1086,2023-11-13,Done,"Christian B. Salvacion","2023-06-28 02:07:05"
000035,000008,9800511382,9010000044,850,2023-12-04,Done,"Christian B. Salvacion","2023-06-28 02:09:29"
000036,000008,9800511359,9010000044,850,2023-12-04,Done,"Christian B. Salvacion","2023-06-28 02:26:31"
000037,000008,9800511360,9010000044,849,2023-12-04,Done,"Christian B. Salvacion","2023-06-28 02:55:04"
000038,000008,9800511387,9010000016,640,2023-12-16,Done,"Christian B. Salvacion","2023-06-28 03:23:22"
000039,000008,9800511378,9010000044,850,2023-12-04,Done,"Christian B. Salvacion","2023-06-28 03:49:51"
000040,000008,9800511381,9010000044,850,2023-12-04,Done,"Christian B. Salvacion","2023-06-28 08:46:38"
000041,000008,9800511379,9010000044,850,2023-12-04,Done,"Christian B. Salvacion","2023-06-28 08:46:47"
000042,000008,9800511399,9010000004,1088,2023-11-13,Done,"Christian B. Salvacion","2023-06-28 09:31:39"
000043,000008,9800511389,9010000074,640,2023-12-19,Done,"Christian B. Salvacion","2023-06-29 02:31:07"
000044,000008,9800511395,9010000004,640,2023-11-13,Done,"Christian B. Salvacion","2023-06-29 02:39:24"
000045,000008,9800511386,9010000016,640,2023-12-16,Done,"Christian B. Salvacion","2023-06-29 03:04:21"
000046,000008,9800511383,9010000016,640,2023-12-16,Done,"Christian B. Salvacion","2023-06-29 03:33:03"
000047,000008,9800511388,9010000074,640,2023-12-19,Done,"Christian B. Salvacion","2023-06-29 03:51:38"
000048,000008,9800511391,9010000074,640,2023-12-19,Done,"Christian B. Salvacion","2023-06-29 05:23:43"
000049,000008,9800511396,9010000004,640,2023-11-12,Done,"Christian B. Salvacion","2023-06-29 18:40:57"
000050,000009,9800512416,9010000074,640,2023-12-19,Done,"Christian B. Salvacion","2023-06-29 09:35:25"
000051,000010,W2W062923A6,9010000059,500,2023-12-15,Done,"Christian B. Salvacion","2023-06-29 09:23:04"
000052,000010,W2W062923A7,9010000059,1200,2023-12-14,Done,"Christian B. Salvacion","2023-06-29 09:32:34"
000053,000010,W2W062923A2,9020000226,897,2024-01-21,Done,"Christian B. Salvacion","2023-07-04 06:01:16"
000054,000010,W2W062923A3,9020000228,329,2024-02-06,Done,"Christian B. Salvacion","2023-06-29 09:53:54"
000055,000010,W2W062923A4,9020000228,432,2024-01-30,Done,"Christian B. Salvacion","2023-06-29 10:00:42"
000056,000010,W2W062923A5,9020000228,192,2024-02-05,Done,"Christian B. Salvacion","2023-06-29 10:03:54"
000057,000010,W2W062923A1,9020000229,48,2024-01-27,Done,"Christian B. Salvacion","2023-06-29 10:12:08"
000058,000013,B2B062923Z1,9010000004,390,2023-11-13,Done,"Christian B. Salvacion","2023-06-29 12:45:28"
000059,000008,9800511393,9010000202,640,2023-12-18,Done,"Christian B. Salvacion","2023-06-29 13:48:21"
000060,000011,9800512336,9020000178,608,2024-03-27,Done,"Christian B. Salvacion","2023-06-30 02:13:47"
000061,000014,9800512336,9020000178,32,2024-03-29,Done,"Christian B. Salvacion","2023-06-30 02:54:07"
000062,000016,B2B062923Z2,9010000004,240,2023-11-13,Done,"Christian B. Salvacion","2023-06-29 14:46:56"
000063,000015,9800512417,9020000236,1080,2023-12-24,Done,"Christian B. Salvacion","2023-06-29 15:12:38"
000064,000017,9800512417,9020000236,120,2023-12-29,Done,"Christian B. Salvacion","2023-06-29 15:12:54"
000065,000015,9800512365,9020000176,640,2024-03-28,Done,"Christian B. Salvacion","2023-06-29 15:31:01"
000066,000018,B2B062923Z3,9010000016,150,2023-11-15,Done,"Christian B. Salvacion","2023-06-29 15:42:39"
000067,000009,9800512413,9010000035,640,2023-11-11,Done,"Christian B. Salvacion","2023-06-29 17:51:50"
000068,000009,9800512426,9010000051,850,2024-05-16,Done,"Christian B. Salvacion","2023-06-29 18:18:32"
000069,000019,9800512426,9010000051,770,2024-05-16,Done,"Christian B. Salvacion","2023-06-29 18:30:46"
000070,000020,B2B062923Z4,9010000004,300,2023-11-13,Done,"Christian B. Salvacion","2023-06-29 18:32:15"
000071,000009,9800512424,9010000051,1620,2024-05-16,Done,"Christian B. Salvacion","2023-06-29 18:58:02"
000072,000009,9800512435,9010000049,640,2023-11-17,Done,"Christian B. Salvacion","2023-06-30 07:31:06"
000073,000021,B2B062923Z6,9010000004,480,2023-11-13,Done,"Christian B. Salvacion","2023-06-29 21:14:40"
000074,000021,B2B062923Z5,9010000049,480,2023-11-18,Done,"Christian B. Salvacion","2023-06-29 21:14:45"
000075,000009,9800512415,9010000035,640,2023-11-11,Done,"Christian B. Salvacion","2023-06-30 00:07:40"
000076,000009,9800512418,9010000074,640,2023-12-19,Done,"Christian B. Salvacion","2023-06-30 05:28:06"
000077,000009,9800512429,9010000049,640,2023-11-17,Done,"Christian B. Salvacion","2023-06-30 05:28:00"
000078,000009,9800512421,9010000051,1603,2024-05-16,Done,"Christian B. Salvacion","2023-06-30 05:27:54"
000079,000022,9800512630,9020000236,1200,2023-12-23,Done,"Christian B. Salvacion","2023-06-30 18:51:52"
000080,000022,9800512671,9020000236,300,2023-12-23,Done,"Christian B. Salvacion","2023-06-30 18:50:06"
000081,000023,9800512671,9020000236,840,2023-12-22,Done,"Christian B. Salvacion","2023-06-30 18:50:14"
000082,000023,9800512671,9020000236,60,2023-12-24,Done,"Christian B. Salvacion","2023-06-30 18:50:21"
000083,000022,9800512672,9020000236,1200,2023-12-22,Done,"Christian B. Salvacion","2023-06-30 18:49:50"
000084,000009,9800512432,9010000049,1088,2023-11-17,Done,"Christian B. Salvacion","2023-06-30 18:49:26"
000085,000008,9800511397,9010000004,1024,2023-11-13,Done,"Christian B. Salvacion","2023-06-30 13:16:29"
000086,000025,9800511397,9010000004,64,2023-11-12,Done,"Christian B. Salvacion","2023-06-30 13:16:39"
000087,000008,9800511400,9010000004,1088,2023-11-12,Done,"Christian B. Salvacion","2023-06-30 15:17:52"
000088,000026,B2B062923Z7,9010000019,1584,2023-12-08,Done,"Christian B. Salvacion","2023-06-30 15:12:38"
000089,000026,B2B062923Z8,9010000049,600,2023-11-18,Done,"Christian B. Salvacion","2023-06-30 15:12:45"
000090,000026,B2B062923Z9,9010000078,828,2023-12-08,Done,"Christian B. Salvacion","2023-06-30 15:12:51"
000091,000026,B2B062923Z10,9020000019,800,2024-03-01,Done,"Christian B. Salvacion","2023-07-04 03:27:29"
000092,000009,9800512431,9010000049,832,2023-11-17,Done,"Christian B. Salvacion","2023-06-30 18:51:30"
000093,000027,B2B062923Z11,9010000059,500,2023-11-10,Done,"Christian B. Salvacion","2023-06-30 18:51:41"
000094,000027,B2B062923Z12,9010000049,396,2023-12-06,Done,"Christian B. Salvacion","2023-07-03 08:37:19"
000095,000027,B2B062923Z12,9010000054,396,2023-11-06,Done,"Christian B. Salvacion","2023-06-30 18:54:20"
000096,000009,9800512427,9010000014,850,2023-12-03,Done,"Christian B. Salvacion","2023-06-30 20:25:13"
000097,000009,9800512430,9010000049,832,2023-11-17,Done,"Christian B. Salvacion","2023-06-30 21:23:43"
000098,000008,9800511380,9010000044,850,2023-12-04,Done,"Christian B. Salvacion","2023-06-30 23:36:11"
000099,000008,9800511392,9010000074,640,2023-12-19,Done,"Christian B. Salvacion","2023-07-01 02:07:42"
000100,000028,9800512831,9010000049,640,2023-11-30,Done,"Christian B. Salvacion","2023-07-01 02:07:52"
000101,000028,9800512819,9010000074,640,2023-12-19,Done,"Christian B. Salvacion","2023-07-01 11:43:40"
000102,000028,9800512814,9010000004,640,2023-11-12,Done,"Christian B. Salvacion","2023-07-01 11:44:03"
000103,000028,9800512824,9010000035,640,2023-12-16,Done,"Christian B. Salvacion","2023-07-01 11:44:11"
000104,000028,9800512821,9010000074,640,2023-12-19,Done,"Christian B. Salvacion","2023-07-01 11:44:19"
000105,000028,9800512829,9010000035,640,2023-12-16,Done,"Christian B. Salvacion","2023-07-01 11:44:27"
000106,000028,9800512823,9010000074,640,2023-12-19,Done,"Christian B. Salvacion","2023-07-01 11:44:34"
000107,000028,9800512830,9010000049,320,2023-11-18,Done,"Christian B. Salvacion","2023-07-01 11:44:41"
000108,000029,9800512830,9010000049,320,2023-11-30,Done,"Christian B. Salvacion","2023-07-01 11:44:49"
000109,000028,9800512826,9010000035,640,2023-12-16,Done,"Christian B. Salvacion","2023-07-01 11:44:55"
000110,000028,9800512822,9010000074,640,2023-12-19,Done,"Christian B. Salvacion","2023-07-01 11:43:53"
000111,000028,9800512817,9010000004,448,2023-11-12,Done,"Christian B. Salvacion","2023-07-01 11:45:02"
000112,000033,9800512817,9010000004,192,2023-12-18,Done,"Christian B. Salvacion","2023-07-06 01:48:59"
000113,000028,9800512818,9010000004,640,2023-11-12,Done,"Christian B. Salvacion","2023-07-01 11:46:27"
000114,000030,9800513245,9020000176,608,2024-03-28,Done,"Christian B. Salvacion","2023-07-01 11:46:08"
000115,000034,9800513245,9020000176,32,2024-03-30,Done,"Christian B. Salvacion","2023-07-01 11:45:59"
000116,000031,9800513209,9020000178,608,2024-03-29,Done,"Christian B. Salvacion","2023-07-01 11:46:36"
000118,000035,9800512998,9010000083,800,2025-03-08,Done,"Christian B. Salvacion","2023-07-01 11:46:53"
000119,000037,9800512998,9010000083,700,2025-01-17,Done,"Christian B. Salvacion","2023-07-01 11:47:25"
000120,000037,9800512998,9010000083,200,2025-04-11,Done,"Christian B. Salvacion","2023-07-01 11:48:02"
000121,000028,9800512828,9010000035,640,2023-12-16,Done,"Christian B. Salvacion","2023-07-01 11:48:10"
000122,000036,9800513209,9020000178,32,2024-03-27,Done,"Christian B. Salvacion","2023-07-01 11:48:21"
000123,000032,9800513458,9010000074,640,2023-12-19,Done,"Christian B. Salvacion","2023-07-01 12:28:58"
000124,000038,9800512998,9010000083,200,2025-03-08,Done,"Christian B. Salvacion","2023-07-01 14:41:43"
000125,000038,9800512998,9010000083,100,2025-01-17,Done,"Christian B. Salvacion","2023-07-01 14:41:51"
000126,000028,9800512816,9010000004,512,2023-12-18,Done,"Christian B. Salvacion","2023-07-01 14:41:58"
000127,000039,9800512816,9010000004,128,2023-12-17,Done,"Christian B. Salvacion","2023-07-01 14:42:05"
000128,000035,9800512999,9010000084,2000,2025-04-20,Done,"Christian B. Salvacion","2023-07-01 14:42:12"
000129,000009,9800512434,9010000014,1300,2023-12-16,Done,"Christian B. Salvacion","2023-07-01 20:07:29"
000130,000009,9800512433,9010000014,1299,2023-12-16,Done,"Christian B. Salvacion","2023-07-01 21:20:14"
000131,000028,9800512832,9010000049,768,2023-11-17,Done,"Christian B. Salvacion","2023-07-01 21:20:32"
000132,000040,9800512832,9010000049,320,2023-11-18,Done,"Christian B. Salvacion","2023-07-01 21:20:39"
000133,000041,B2B062923Z13,9010000049,402,2023-11-18,Done,"Christian B. Salvacion","2023-07-03 07:33:23"
000134,000043,B2B070323Z16,9010000009,936,2023-12-06,Done,"Christian B. Salvacion","2023-07-03 08:08:53"
000135,000043,B2B070323Z15,9010000035,60,2023-11-11,Done,"Christian B. Salvacion","2023-07-03 08:08:48"
000136,000042,9800513980,9010000202,640,2023-12-18,Done,"Christian Cordova","2023-07-06 23:06:16"
000137,000042,9800514023,9010000062,640,2023-11-19,Done,"Christian Cordova","2023-07-04 17:08:01"
000138,000042,9800514015,9010000074,640,2023-12-19,Done,"Christian Cordova","2023-07-09 08:06:21"
000139,000045,B2B070323Z17,9010000009,396,2023-12-07,Done,"John Carlo Arroyo","2023-07-03 15:35:00"
000140,000045,B2B070323Z18,9010000054,648,2023-12-05,Done,"John Carlo Arroyo","2023-07-03 15:35:12"
000141,000042,9800514022,9010000059,650,2023-12-14,Done,"Christian Cordova","2023-07-05 23:30:13"
000142,000046,9800514022,9010000059,200,2023-12-15,Done,"Christian Cordova","2023-07-05 23:30:24"
000143,000042,9800514019,9010000059,850,2023-12-15,Done,"Christian Cordova","2023-07-05 23:20:25"
000144,000042,9800514013,9010000074,639,2023-12-19,Done,"Christian Cordova","2023-07-09 08:06:27"
000145,000047,B2B070323Z19,9010000049,640,2023-11-18,Done,"John Carlo Arroyo","2023-07-03 18:21:06"
000146,000047,B2B070323Z20,9010000054,36,2023-12-05,Done,"John Carlo Arroyo","2023-07-03 18:21:13"
000147,000042,9800514017,9010000035,153,2023-12-15,Done,"Christian Cordova","2023-07-09 08:06:33"
000148,000050,9800514017,9010000035,487,2023-12-16,Done,"Christian Cordova","2023-07-09 08:06:38"
000149,000042,9800514018,9010000035,320,2023-12-15,Done,"Christian Cordova","2023-07-04 23:36:56"
000150,000051,9800514018,9010000035,320,2023-12-16,Done,"Christian Cordova","2023-07-06 01:42:04"
000151,000044,9800514215,9020000178,128,2024-04-01,Done,"Christian Cordova","2023-07-05 14:09:57"
000152,000052,9800514215,9020000178,512,2024-04-02,Done,"Christian Cordova","2023-07-05 14:10:04"
000153,000048,9800514320,9020000176,640,2024-03-28,Done,"Christian Cordova","2023-07-06 05:09:09"
000154,000049,9800514323,9020000176,640,2024-03-28,Done,"Christian Cordova","2023-07-05 07:23:52"
000155,000053,B2B070423Z21,9010000059,1300,2023-12-13,Done,"Stephen Brix Esteban","2023-07-04 00:07:58"
000156,000053,B2B070423Z22,9010000019,216,2023-12-08,Done,"Stephen Brix Esteban","2023-07-04 00:08:05"
000157,000054,B2B070423Z23,9010000009,396,2023-12-07,Done,"Stephen Brix Esteban","2023-07-04 01:44:45"
000158,000054,B2B070423Z24,9010000009,897,2023-12-06,Done,"Stephen Brix Esteban","2023-07-04 00:54:14"
000159,000054,B2B070423Z25,9010000078,1656,2023-12-08,Done,"Stephen Brix Esteban","2023-07-04 00:54:07"
000160,000055,9800514225,9020000178,384,2024-04-02,Done,"Shilaley Trilles","2023-07-04 06:13:48"
000161,000056,9800514225,9020000178,256,2024-04-01,Done,"Shilaley Trilles","2023-07-04 06:14:09"
000162,000055,9800514170,9020000178,352,2024-04-02,Done,"Shilaley Trilles","2023-07-04 06:14:47"
000163,000057,9800514170,9020000178,288,2024-03-29,Done,"Shilaley Trilles","2023-07-04 06:12:56"
000164,000059,B2B070423Z26,9010000084,2753,2025-03-08,Done,"Stephen Brix Esteban","2023-07-04 05:51:26"
000165,000060,ASN07042023-1,9010000006,11,2024-05-15,Done,"Crist Anthony Rafael","2023-07-04 06:39:50"
000166,000060,ASN07042023-2,9010000014,39,2023-12-02,Done,"Crist Anthony Rafael","2023-07-04 06:40:06"
000167,000060,ASN07042023-3,9010000016,43,2023-12-16,Done,"Crist Anthony Rafael","2023-07-04 06:40:26"
000168,000060,ASN07042023-4,9010000017,8,2023-11-13,Done,"Crist Anthony Rafael","2023-07-04 06:40:42"
000169,000060,ASN07042023-5,9010000051,118,2024-03-07,Done,"Crist Anthony Rafael","2023-07-04 06:41:04"
000170,000060,ASN07042023-6,9010000054,180,2023-12-05,Done,"Crist Anthony Rafael","2023-07-04 06:41:22"
000171,000060,ASN07042023-10,9020000018,9,2024-02-13,Done,"Shilaley Trilles","2023-07-04 06:50:00"
000172,000060,ASN07042023-7,9010000062,43,2023-11-19,Done,"Crist Anthony Rafael","2023-07-04 06:44:20"
000173,000060,ASN07042023-8,9010000083,16,2025-01-12,Done,"Crist Anthony Rafael","2023-07-04 06:44:34"
000174,000060,ASN07042023-9,9010000084,13,2025-01-17,Done,"Crist Anthony Rafael","2023-07-04 06:44:10"
000175,000060,ASN07042023-11,9020000022,80,2024-02-08,Done,"Shilaley Trilles","2023-07-04 06:43:55"
000176,000060,ASN07042023-12,9020000025,197,2024-02-29,Done,"Shilaley Trilles","2023-07-04 06:43:40"
000177,000060,ASN07042023-13,9020000030,9,2024-02-17,Done,"Shilaley Trilles","2023-07-04 06:43:18"
000178,000060,ASN07042023-14,9020000034,11,2024-02-10,Done,"Shilaley Trilles","2023-07-04 06:43:04"
000179,000060,ASN07042023-15,9020000071,11,2024-02-19,Done,"Shilaley Trilles","2023-07-04 06:42:43"
000180,000060,ASN07042023-16,9020000206,163,2024-02-23,Done,"Shilaley Trilles","2023-07-04 06:42:11"
000181,000060,ASN07042023-17,9020000207,223,2024-01-05,Done,"Shilaley Trilles","2023-07-04 06:42:28"
000182,000058,9800514470,9020000178,416,2024-04-01,Done,"Shilaley Trilles","2023-07-09 08:06:44"
000183,000061,9800514470,9020000178,192,2024-04-02,Done,"Shilaley Trilles","2023-07-09 08:06:50"
000184,000061,9800514470,9020000178,32,2024-03-27,Done,"Shilaley Trilles","2023-07-09 08:07:00"
000185,000062,9800514631,9020000176,640,2024-03-30,Done,"Shilaley Trilles","2023-07-06 07:44:56"
000186,000065,ASN07042023-18,9010000006,4,2024-05-15,Done,"Christian Cordova","2023-07-05 03:06:07"
000187,000065,ASN07042023-19,9010000023,14,2023-11-30,Done,"Christian Cordova","2023-07-05 03:06:01"
000188,000065,ASN07042023-20,9010000039,5,2023-12-05,Done,"Christian Cordova","2023-07-05 03:05:55"
000189,000065,ASN07042023-21,9010000066,2,2023-12-07,Done,"Christian Cordova","2023-07-05 03:05:48"
000190,000065,ASN07042023-22,9010000075,9,2024-06-14,Done,"Christian Cordova","2023-07-05 03:05:42"
000191,000065,ASN07042023-23,9020000022,41,2024-02-08,Done,"Christian Cordova","2023-07-05 03:05:36"
000192,000065,ASN07042023-24,9020000029,2,2024-02-11,Done,"Christian Cordova","2023-07-05 03:05:30"
000193,000065,ASN07042023-25,9020000032,9,2024-03-07,Done,"Christian Cordova","2023-07-05 03:05:24"
000194,000065,ASN07042023-26,9020000048,28,2024-02-19,Done,"Christian Cordova","2023-07-05 03:05:17"
000195,000065,ASN07042023-27,9020000071,19,2024-02-19,Done,"Christian Cordova","2023-07-05 03:05:11"
000196,000065,ASN07042023-28,9020000206,14,2024-02-23,Done,"Christian Cordova","2023-07-05 03:05:04"
000197,000065,ASN07042023-29,9020000207,10,2024-02-13,Done,"Christian Cordova","2023-07-05 03:04:57"
000198,000064,9800514591,9010000059,597,2023-12-16,Done,"Christian Cordova","2023-07-06 01:33:53"
000199,000066,B2B070423Z27,9010000054,288,2023-12-06,Done,"John Carlo Arroyo","2023-07-04 13:44:35"
000200,000064,9800514590,9010000059,550,2023-12-16,Done,"Christian Cordova","2023-07-04 17:22:23"
000201,000064,9800514590,9010000059,100,2023-12-13,Done,"Christian Cordova","2023-07-04 17:22:28"
000202,000064,9800514590,9010000059,200,2023-12-15,Done,"Christian Cordova","2023-07-04 17:22:36"
000203,000067,B2B070423Z28,9020000022,90,2024-03-09,Done,"John Carlo Arroyo","2023-07-04 17:24:25"
000204,000064,9800514595,9010000059,850,2023-12-14,Done,"Christian Cordova","2023-07-04 17:57:13"
000205,000064,9800514595,9010000059,850,2023-12-14,Done,"Christian Cordova","2023-07-09 08:07:05"
000206,000068,B2B070423Z30,9020000022,30,2024-03-10,Done,"John Carlo Arroyo","2023-07-04 17:24:35"
000207,000068,B2B070423Z31,9010000059,150,2023-11-09,Done,"John Carlo Arroyo","2023-07-04 14:35:51"
000208,000068,B2B070423Z32,9010000059,350,2023-11-10,Done,"John Carlo Arroyo","2023-07-04 14:36:09"
000209,000064,9800514593,9010000059,800,2023-12-15,Done,"Christian Cordova","2023-07-04 18:28:36"
000210,000064,9800514593,9010000059,50,2023-12-16,Done,"Christian Cordova","2023-07-04 18:28:43"
000211,000069,B2B070423Z33,9010000039,180,2023-12-05,Done,"John Carlo Arroyo","2023-07-04 14:43:27"
000212,000064,9800514588,9010000059,800,2023-12-16,Done,"Christian Cordova","2023-07-04 18:54:29"
000213,000064,9800514588,9010000059,50,2023-12-15,Done,"Christian Cordova","2023-07-04 18:54:35"
000214,000064,9800514583,9010000006,1619,2024-05-15,Done,"Christian Cordova","2023-07-06 01:41:45"
000215,000064,9800514599,9010000059,350,2023-12-15,Done,"Christian Cordova","2023-07-05 23:40:04"
000216,000064,9800514599,9010000059,500,2023-12-14,Done,"Christian Cordova","2023-07-05 23:40:20"
000217,000064,9800514589,9010000059,500,2023-12-15,Done,"Christian Cordova","2023-07-08 06:53:31"
000218,000064,9800514589,9010000059,350,2023-12-16,Done,"Christian Cordova","2023-07-08 06:52:25"
000219,000070,B2B070423Z34,9010000017,309,2023-11-13,Done,"John Carlo Arroyo","2023-07-04 18:09:40"
000220,000064,9800514600,9010000059,850,2023-12-15,Done,"Christian Cordova","2023-07-09 08:07:11"
000221,000071,B2B070423Z35,9010000075,404,2024-06-15,Done,"John Carlo Arroyo","2023-07-04 18:48:12"
000222,000064,9800514585,9010000006,1620,2024-05-15,Done,"Christian Cordova","2023-07-05 08:54:48"
000223,000072,B2B070423Z36,9010000075,1200,2024-06-15,Done,"John Carlo Arroyo","2023-07-04 19:34:14"
000224,000072,B2B070423Z37,9010000063,200,2024-03-09,Done,"John Carlo Arroyo","2023-07-04 19:34:23"
000225,000064,9800514586,9010000006,1620,2024-05-15,Done,"Christian Cordova","2023-07-05 08:54:21"
000226,000064,9800514597,9010000059,850,2023-12-14,Done,"Christian Cordova","2023-07-09 08:07:16"
000227,000064,9800514582,9010000006,1620,2024-05-15,Done,"Christian Cordova","2023-07-09 08:07:23"
000228,000073,9800514719,9020000176,32,2024-04-04,Done,"Shilaley Trilles","2023-07-06 06:33:05"
000229,000073,9800514719,9020000176,32,2024-04-01,Done,"Shilaley Trilles","2023-07-06 06:33:23"
000230,000073,9800514719,9020000176,320,2024-03-30,Done,"Shilaley Trilles","2023-07-06 06:33:53"
000231,000073,9800514719,9020000176,256,2024-03-28,Done,"Shilaley Trilles","2023-07-06 06:35:35"
000232,000073,9800514689,9020000206,576,2024-03-15,Done,"Shilaley Trilles","2023-07-09 08:07:28"
000233,000073,9800514689,9020000206,384,2024-03-16,Done,"Shilaley Trilles","2023-07-09 08:07:34"
000234,000073,9800514663,9020000178,288,2024-04-02,Done,"Shilaley Trilles","2023-07-05 17:22:07"
000235,000073,9800514663,9020000178,224,2024-04-01,Done,"Shilaley Trilles","2023-07-05 17:22:13"
000236,000073,9800514663,9020000178,128,2024-03-29,Done,"Shilaley Trilles","2023-07-05 17:22:19"
000237,000074,B2B070423Z38,9010000074,516,2023-12-19,Done,"John Carlo Arroyo","2023-07-05 02:32:43"
000238,000075,ASN070523-1,9010000044,50,2023-10-13,Done,"Crist Anthony Rafael","2023-07-05 02:52:32"
000239,000075,ASN070523-2,9020000174,50,2023-12-04,Done,"Crist Anthony Rafael","2023-07-05 02:43:37"
000240,000073,9800514813,9020000178,352,2024-04-02,Done,"Shilaley Trilles","2023-07-08 20:37:08"
000241,000076,9800514813,9020000178,192,2024-04-01,Done,"Shilaley Trilles","2023-07-08 20:37:14"
000242,000076,9800514813,9020000178,96,2024-03-29,Done,"Shilaley Trilles","2023-07-08 20:37:20"
000243,000073,9800514842,9020000176,619,2024-03-30,Done,"Shilaley Trilles","2023-07-08 19:37:14"
000244,000077,9800514842,9020000176,20,2024-04-01,Done,"Shilaley Trilles","2023-07-08 19:37:24"
000245,000078,ASN07052023-3,9020000025,150,2024-02-29,Done,"Crist Anthony Rafael","2023-07-05 03:43:01"
000246,000078,ASN07052023-4,9020000206,150,2024-02-23,Done,"Crist Anthony Rafael","2023-07-05 03:43:58"
000247,000078,ASN07052023-5,9020000207,150,2024-01-05,Done,"Crist Anthony Rafael","2023-07-05 03:44:07"
000248,000078,ASN07052023-6,9020000048,28,2024-02-19,Done,"Crist Anthony Rafael","2023-07-05 03:44:15"
000249,000078,ASN07052023-7,9020000071,19,2024-02-19,Done,"Crist Anthony Rafael","2023-07-05 03:47:25"
000250,000079,9800514024,9010000049,64,2023-11-30,Done,"Shilaley Trilles","2023-07-05 15:47:13"
000251,000042,9800514024,9010000062,1024,2023-11-19,Done,"Shilaley Trilles","2023-07-05 15:47:20"
000252,000080,9800514591,9010000059,250,2023-12-15,Done,"Shilaley Trilles","2023-07-05 23:49:51"
000253,000064,9800514602,9010000059,750,2023-12-15,Done,"Shilaley Trilles","2023-07-05 18:29:36"
000254,000083,9800514602,9010000059,50,2023-12-14,Done,"Shilaley Trilles","2023-07-05 18:29:43"
000255,000083,9800514602,9010000059,50,2023-12-16,Done,"Shilaley Trilles","2023-07-05 18:29:50"
000256,000084,B2B070423Z42,9020000022,30,2024-02-10,Done,"John Carlo Arroyo","2023-07-05 09:33:24"
000257,000084,B2B070423Z41,9020000022,30,2024-02-08,Done,"John Carlo Arroyo","2023-07-05 09:33:31"
000258,000085,B2B070423Z40,9020000032,98,2024-03-07,Done,"John Carlo Arroyo","2023-07-05 09:33:39"
000259,000084,B2B070423Z39,9020000032,287,2024-03-08,Done,"John Carlo Arroyo","2023-07-05 09:33:46"
000260,000086,ASN07052023-8,9010000054,180,2023-12-05,Done,"Crist Anthony Rafael","2023-07-05 10:02:34"
000261,000086,ASN07052023-9,9010000078,30,2023-11-20,Done,"Crist Anthony Rafael","2023-07-05 10:03:02"
000262,000086,ASN07052023-10,9020000176,133,2024-03-28,Done,"Crist Anthony Rafael","2023-07-05 10:03:17"
000263,000086,ASN07052023-11,9020000207,100,2024-01-05,Done,"Crist Anthony Rafael","2023-07-05 10:03:37"
000264,000086,ASN07052023-12,9020000231,49,2024-03-28,Done,"Crist Anthony Rafael","2023-07-05 10:04:02"
000265,000086,ASN07052023-13,9020000232,30,2024-03-28,Done,"Crist Anthony Rafael","2023-07-05 10:04:12"
000266,000086,ASN07052023-14,9020000233,29,2024-03-28,Done,"Crist Anthony Rafael","2023-07-05 10:04:22"
000267,000086,ASN07052023-15,9020000236,720,2023-12-24,Done,"Crist Anthony Rafael","2023-07-05 10:04:30"
000268,000087,ASN07042023-30,9020000025,150,2024-02-29,Done,"Christian Cordova","2023-07-05 10:53:40"
000269,000087,ASN07042023-31,9020000206,150,2024-02-24,Done,"Christian Cordova","2023-07-05 10:53:51"
000270,000063,9800514605,9020000041,1119,2024-04-03,Done,"Christian Cordova","2023-07-07 20:09:06"
000271,000081,9800515095,9010000044,250,2023-12-04,Done,"Christian Cordova","2023-07-05 18:42:17"
000272,000081,9800515095,9010000044,600,2023-12-10,Done,"Christian Cordova","2023-07-05 18:42:23"
000273,000081,9800515096,9010000044,850,2023-12-10,Done,"Christian Cordova","2023-07-09 08:08:45"
000274,000081,9800515086,9010000006,1457,2024-05-15,Done,"Christian Cordova","2023-07-09 08:08:50"
000275,000081,9800515086,9010000006,162,2024-06-18,Done,"Christian Cordova","2023-07-09 08:07:50"
000276,000081,9800515097,9010000044,350,2023-12-04,Done,"Christian Cordova","2023-07-05 19:00:52"
000277,000081,9800515097,9010000044,500,2023-12-10,Done,"Christian Cordova","2023-07-05 19:00:58"
000278,000089,B2B070423Z43,9010000009,252,2023-12-06,Done,"John Carlo Arroyo","2023-07-05 19:45:02"
000279,000089,B2B070423Z44,9010000009,612,2023-12-07,Done,"John Carlo Arroyo","2023-07-05 19:45:11"
000280,000081,9800515107,9010000014,349,2023-12-03,Done,"Christian Cordova","2023-07-05 20:59:34"
000281,000081,9800515107,9010000014,500,2023-12-16,Done,"Christian Cordova","2023-07-05 20:59:40"
000282,000081,9800515101,9010000044,850,2023-12-10,Done,"Christian Cordova","2023-07-06 00:30:16"
000283,000081,9800515098,9010000044,850,2023-12-10,Done,"Christian Cordova","2023-07-06 00:23:54"
000284,000081,9800515088,9010000006,1620,2024-06-18,Done,"Christian Cordova","2023-07-06 17:24:36"
000285,000090,ASN070623-01,9010000066,15,2023-12-07,Done,"Crist Anthony Rafael","2023-07-06 01:36:02"
000286,000090,ASN070623-02,9020000025,85,2024-02-29,Done,"Crist Anthony Rafael","2023-07-06 01:36:20"
000287,000090,ASN070623-03,9020000027,70,2024-02-26,Done,"Crist Anthony Rafael","2023-07-06 01:36:30"
000288,000090,ASN070623-04,9020000206,82,2024-02-23,Done,"Crist Anthony Rafael","2023-07-06 01:36:38"
000289,000091,9800515337,9020000236,1200,2024-01-04,Done,"Shilaley Trilles","2023-07-07 07:36:26"
000290,000092,9800515166,9010000056,384,2023-12-28,Done,"Shilaley Trilles","2023-07-09 08:07:56"
000291,000088,9800515166,9010000056,895,2023-12-27,Done,"Shilaley Trilles","2023-07-09 08:07:45"
000292,000063,9800514606,9020000041,1120,2024-04-03,Done,"Shilaley Trilles","2023-07-08 15:46:25"
000293,000088,9800515160,9010000011,1280,2023-12-10,Done,"Shilaley Trilles","2023-07-09 08:08:08"
000294,000063,9800514604,9020000041,1120,2024-04-03,Done,"Shilaley Trilles","2023-07-07 00:25:18"
000295,000093,B2B070423Z45,9020000025,30,2024-02-29,Done,"Stephen Brix Esteban","2023-07-06 06:34:20"
000296,000093,B2B070423Z46,9020000236,70,2023-12-24,Done,"Stephen Brix Esteban","2023-07-06 06:34:13"
000297,000091,9800515383,9020000206,867,2024-03-15,Done,"Shilaley Trilles","2023-07-07 14:19:03"
000298,000091,9800515383,9020000206,45,2024-03-16,Done,"Shilaley Trilles","2023-07-07 14:19:10"
000299,000091,9800515383,9020000206,48,2024-03-19,Done,"Shilaley Trilles","2023-07-07 14:19:17"
000300,000094,9800515196,9020000236,1140,2024-01-04,Done,"Shilaley Trilles","2023-07-07 00:45:07"
000301,000094,9800515196,9020000236,60,2024-01-05,Done,"Shilaley Trilles","2023-07-07 00:45:21"
000302,000094,9800515413,9020000236,1200,2024-01-05,Done,"Shilaley Trilles","2023-07-07 06:44:18"
000303,000064,9800514601,9010000059,1300,2023-12-15,Done,"Christian Cordova","2023-07-06 20:20:43"
000304,000042,9800514025,9010000049,1088,2023-12-15,Done,"Christian Cordova","2023-07-08 06:15:19"
000305,000082,9800515079,9020000025,1120,2024-04-02,Done,"Christian Cordova","2023-07-09 01:12:59"
000306,000082,9800515072,9020000021,640,2024-03-14,Done,"Christian Cordova","2023-07-08 10:40:02"
000307,000082,9800515072,9020000025,560,2024-04-01,Done,"Christian Cordova","2023-07-08 10:40:10"
000308,000082,9800515084,9020000025,1120,2024-04-01,Done,"Christian Cordova","2023-07-08 15:07:08"
000309,000097,9800515195,9020000236,1080,2024-01-04,Done,"Christian Cordova","2023-07-07 06:05:00"
000310,000097,9800515195,9020000236,120,2024-01-05,Done,"Christian Cordova","2023-07-07 06:05:19"
000311,000096,9800515838,9020000206,720,2024-03-15,Done,"Christian Cordova","2023-07-07 17:47:13"
000312,000096,9800515838,9020000206,48,2024-03-20,Done,"Christian Cordova","2023-07-07 17:47:19"
000313,000096,9800515838,9020000206,96,2024-03-19,Done,"Christian Cordova","2023-07-07 17:47:25"
000314,000096,9800515838,9020000206,96,2024-03-16,Done,"Christian Cordova","2023-07-07 17:47:31"
000315,000082,9800515081,9020000025,1120,2024-04-01,Done,"Christian Cordova","2023-07-09 08:08:02"
000316,000081,9800515109,9010000071,850,2023-12-03,Done,"Christian Cordova","2023-07-07 02:43:41"
000317,000095,9800515789,9020000207,960,2024-03-10,Done,"Christian Cordova","2023-07-09 08:08:55"
000318,000081,9800515108,9010000014,850,2023-12-16,Done,"Shilaley Trilles","2023-07-07 05:23:46"
000319,000082,9800515080,9020000025,1120,2024-04-01,Done,"Shilaley Trilles","2023-07-08 17:27:28"
000320,000082,9800515075,9020000025,1120,2024-04-01,Done,"Shilaley Trilles","2023-07-07 18:02:55"
000321,000096,9800515860,9020000207,864,2024-03-10,Done,"Shilaley Trilles","2023-07-09 00:30:06"
000322,000096,9800515860,9020000207,96,2024-03-09,Done,"Shilaley Trilles","2023-07-09 00:30:38"
000323,000099,B2B070423Z59,9020000236,184,2023-12-23,Done,"Stephen Brix Esteban","2023-07-07 07:08:02"
000324,000099,B2B070423Z58,9020000207,400,2024-02-11,Done,"Stephen Brix Esteban","2023-07-07 07:08:09"
000326,000099,B2B070423Z56,9020000178,600,2024-03-29,Done,"Stephen Brix Esteban","2023-07-07 07:08:15"
000327,000099,B2B070423Z55,9020000071,200,2024-02-19,Done,"Stephen Brix Esteban","2023-07-07 07:08:21"
000328,000099,B2B070423Z54,9020000034,400,2024-02-10,Done,"Stephen Brix Esteban","2023-07-07 07:08:27"
000329,000099,B2B070423Z53,9020000030,200,2024-02-17,Done,"Stephen Brix Esteban","2023-07-07 07:08:34"
000330,000099,B2B070423Z52,9020000025,600,2024-02-29,Done,"Stephen Brix Esteban","2023-07-07 07:08:40"
000331,000099,B2B070423Z51,9010000075,200,2024-03-01,Done,"Stephen Brix Esteban","2023-07-07 07:08:46"
000332,000099,B2B070423Z50,9010000059,700,2023-11-10,Done,"Stephen Brix Esteban","2023-07-07 07:08:52"
000333,000099,B2B070423Z49,9010000054,600,2023-12-05,Done,"Stephen Brix Esteban","2023-07-07 07:08:58"
000334,000099,B2B070423Z48,9010000036,200,2024-03-03,Done,"Stephen Brix Esteban","2023-07-07 07:09:07"
000335,000099,B2B070423Z47,9010000023,250,2023-11-30,Done,"Stephen Brix Esteban","2023-07-07 07:09:12"
000336,000098,9800515607,9020000019,1120,2024-04-04,Done,"Shilaley Trilles","2023-07-07 17:57:51"
000337,000101,B2B070423Z61,9020000206,150,2024-02-23,Done,"Stephen Brix Esteban","2023-07-07 08:40:48"
000338,000101,B2B070423Z60,9020000022,100,2024-02-08,Done,"Stephen Brix Esteban","2023-07-07 08:40:55"
000339,000098,9800515614,9020000019,1120,2024-04-04,Done,"Shilaley Trilles","2023-07-07 14:00:22"
000340,000100,9800516118,9020000236,1199,2024-01-06,Done,"Christian Cordova","2023-07-08 03:20:59"
000341,000098,9800515612,9020000019,6,2024-03-04,Done,"Christian Cordova","2023-07-08 03:30:42"
000342,000098,9800515612,9020000019,1114,2024-04-04,Done,"Christian Cordova","2023-07-08 03:30:57"
000343,000098,9800515616,9020000034,1120,2024-04-04,Done,"Christian Cordova","2023-07-08 10:34:13"
000344,000102,9800516260,9020000236,1080,2024-01-06,Done,"Christian Cordova","2023-07-08 02:37:57"
000345,000102,9800516260,9020000236,120,2024-01-07,Done,"Christian Cordova","2023-07-08 02:38:09"
000346,000102,9800516263,9020000236,660,2024-01-06,Done,"Christian Cordova","2023-07-08 01:50:14"
000347,000102,9800516263,9020000236,540,2024-01-07,Done,"Christian Cordova","2023-07-08 01:50:32"
000348,000103,9800516382,9020000236,1200,2024-01-05,Done,"Christian Cordova","2023-07-09 08:09:06"
000349,000098,9800515615,9020000034,1120,2024-04-04,Done,"Christian Cordova","2023-07-08 18:17:32"
000350,000098,9800515617,9020000034,1120,2024-04-04,Done,"Christian Cordova","2023-07-09 01:55:41"
000351,000104,B2B070423Z64,9020000233,100,2024-03-29,Done,"Stephen Brix Esteban","2023-07-08 00:48:20"
000352,000104,B2B070423Z63,9020000232,100,2024-03-29,Done,"Stephen Brix Esteban","2023-07-08 00:48:31"
000353,000104,B2B070423Z62,9020000231,100,2024-03-29,Done,"Stephen Brix Esteban","2023-07-08 00:48:37"
000354,000105,9800516524,9020000236,540,2024-01-05,Done,"Shilaley Trilles","2023-07-09 08:09:12"
000355,000105,9800516524,9020000236,240,2024-01-06,Done,"Shilaley Trilles","2023-07-09 08:09:44"
000356,000105,9800516524,9020000236,420,2024-01-04,Done,"Shilaley Trilles","2023-07-09 08:10:21"
000357,000106,B2B070423Z69,9020000052,10,2024-02-27,Done,"Stephen Brix Esteban","2023-07-08 05:14:53"
000358,000106,B2B070423Z68,9020000029,10,2024-02-11,Done,"Stephen Brix Esteban","2023-07-08 05:14:58"
000359,000106,B2B070423Z67,9020000027,25,2024-02-26,Done,"Stephen Brix Esteban","2023-07-08 05:15:03"
000360,000106,B2B070423Z66,9020000018,15,2024-02-13,Done,"Stephen Brix Esteban","2023-07-08 05:15:08"
000361,000106,B2B070423Z65,9010000066,10,2023-12-07,Done,"Stephen Brix Esteban","2023-07-08 05:15:13"
000362,000109,B2B070423Z70,9020000040,800,2023-11-24,Done,"Stephen Brix Esteban","2023-07-08 05:56:22"
000363,000105,9800516343,9020000236,720,2024-01-06,Done,"Shilaley Trilles","2023-07-09 08:09:38"
000364,000105,9800516343,9020000236,480,2024-01-07,Done,"Shilaley Trilles","2023-07-09 08:08:38"
000365,000111,B2B070423Z72,9010000066,800,2023-12-07,Done,"Stephen Brix Esteban","2023-07-08 09:25:41"
000366,000111,B2B070423Z71,9010000054,800,2023-12-05,Done,"Stephen Brix Esteban","2023-07-08 09:26:04"
000367,000110,9800516714,9020000019,1120,2024-04-04,Done,"Shilaley Trilles","2023-07-09 00:36:24"
000368,000113,9800516289,9020000236,480,2024-01-05,Done,"Shilaley Trilles","2023-07-09 08:08:31"
000369,000113,9800516289,9020000236,720,2024-01-06,Done,"Shilaley Trilles","2023-07-09 08:06:13"
000370,000117,B2B070423Z77,9010000063,1270,2024-03-09,Done,"Christian B. Salvacion","2023-07-09 02:52:14"
000371,000117,B2B070423Z76,9010000051,3889,2024-05-16,Done,"Christian B. Salvacion","2023-07-09 02:52:22"
000372,000117,B2B070423Z75,9010000036,694,2024-03-03,Done,"Christian B. Salvacion","2023-07-09 02:57:02"
000373,000117,B2B070423Z73,9010000006,5218,2024-05-15,Done,"Stephen Brix Esteban","2023-07-09 02:58:04"
000374,000117,B2B070423Z74,9010000017,291,2023-11-13,Done,"Stephen Brix Esteban","2023-07-09 02:57:41"
000375,000118,B2B07092023Z78,9010000075,1864,2024-03-02,Done,"Christian B. Salvacion","2023-07-09 03:27:32"
000376,000118,B2B07092023Z79,9010000075,6863,2024-06-15,Done,"Christian B. Salvacion","2023-07-09 03:27:56"
000377,000118,B2B07092023Z80,9010000071,1200,2023-10-12,Done,"Christian B. Salvacion","2023-07-09 03:24:37"
000378,000118,B2B07092023Z81,9010000071,82,2023-12-03,Done,"Christian B. Salvacion","2023-07-09 03:25:04"
000379,000118,B2B07092023Z82,9010000011,1280,2023-12-10,Done,"Christian B. Salvacion","2023-07-09 03:25:27"
000380,000118,B2B07092023Z83,9010000056,896,2023-12-07,Done,"Christian B. Salvacion","2023-07-09 03:25:48"
000381,000118,B2B07092023Z84,9010000056,383,2023-12-08,Done,"Christian B. Salvacion","2023-07-09 03:26:48"
000383,000118,B2B07092023Z85,9010000074,586,2023-12-19,Done,"Christian B. Salvacion","2023-07-09 03:27:12"
000384,000118,B2B07092023Z86,9020000027,3403,2024-02-26,Done,"Christian B. Salvacion","2023-07-09 03:24:04"
000385,000119,B2B07092023Z88,9010000023,1490,2023-11-30,Done,"Christian B. Salvacion","2023-07-09 03:42:26"
000386,000119,B2B07092023Z87,9020000071,1526,2024-02-19,Done,"Christian B. Salvacion","2023-07-09 03:42:48"
000387,000120,B2B07092023Z89,9020000039,484,2023-11-23,Done,"Christian B. Salvacion","2023-07-09 05:55:31"
000388,000120,B2B07092023Z90,9020000041,100,2024-04-03,Done,"Christian B. Salvacion","2023-07-09 04:35:09"
000389,000120,B2B07092023Z91,9020000174,2151,2023-12-04,Done,"Christian B. Salvacion","2023-07-09 04:34:35"
000390,000120,B2B07092023Z92,9020000174,100,2023-12-03,Done,"Christian B. Salvacion","2023-07-09 04:34:16"
000391,000121,B2B07092023Z93,9020000072,1242,2023-12-01,Done,"Christian B. Salvacion","2023-07-09 05:50:28"
000392,000121,B2B07092023Z94,9020000018,660,2024-02-13,Done,"Christian B. Salvacion","2023-07-10 02:35:34"
000393,000121,B2B07092023Z95,9020000018,85,2023-12-06,Done,"Christian B. Salvacion","2023-07-10 03:37:33"
000394,000121,B2B07092023Z96,9020000018,416,2024-02-12,Done,"Christian B. Salvacion","2023-07-10 03:39:14"
000395,000121,B2B07092023Z106,9020000229,20,2024-01-27,Done,"Stephen Brix Esteban","2023-07-09 06:49:43"
000396,000121,B2B07092023Z97,9020000029,1506,2024-02-11,Done,"Christian B. Salvacion","2023-07-09 08:23:31"
000397,000121,B2B07092023Z107,9020000229,400,2024-02-10,Done,"Stephen Brix Esteban","2023-07-09 06:50:15"
000398,000121,B2B07092023Z108,9020000229,150,2024-02-09,Done,"Stephen Brix Esteban","2023-07-09 06:50:45"
000399,000121,B2B07092023Z109,9020000229,82,2024-02-08,Done,"Stephen Brix Esteban","2023-07-09 06:51:06"
000400,000121,B2B07092023Z110,9010000237,376,2024-03-04,Done,"Stephen Brix Esteban","2023-07-09 06:51:57"
000401,000121,B2B07092023Z98,9020000228,197,2024-01-29,Done,"Christian B. Salvacion","2023-07-09 05:59:23"
000402,000121,B2B07092023Z111,9010000238,349,2024-02-06,Done,"Stephen Brix Esteban","2023-07-09 06:52:37"
000403,000121,B2B07092023Z99,9020000008,1200,2023-10-25,Done,"Christian B. Salvacion","2023-07-09 05:59:53"
000404,000121,B2B07092023Z100,9020000008,1209,2023-10-29,Done,"Christian B. Salvacion","2023-07-09 06:00:26"
000405,000121,B2B07092023Z101,9020000008,992,2023-11-02,Done,"Christian B. Salvacion","2023-07-09 06:00:51"
000406,000121,B2B07092023Z102,9020000008,288,2023-11-03,Done,"Christian B. Salvacion","2023-07-09 06:01:18"
000407,000121,B2B07092023Z112,9020000030,7,2023-11-25,Done,"Stephen Brix Esteban","2023-07-09 06:52:52"
000408,000121,B2B07092023Z103,9020000008,64,2023-11-05,Done,"Christian B. Salvacion","2023-07-09 06:01:40"
000409,000121,B2B07092023Z104,9020000011,53,2023-11-10,Done,"Christian B. Salvacion","2023-07-09 06:02:04"
000410,000121,B2B07092023Z113,9020000030,1443,2024-02-17,Done,"Stephen Brix Esteban","2023-07-09 06:53:09"
000411,000121,B2B07092023Z105,9020000011,8,2023-11-02,Done,"Christian B. Salvacion","2023-07-09 06:02:18"
000412,000121,B2B07092023Z114,9020000030,43,2024-02-18,Done,"Stephen Brix Esteban","2023-07-09 06:53:25"
000413,000121,B2B07092023Z115,9020000180,211,2023-12-30,Done,"Stephen Brix Esteban","2023-07-09 06:53:42"
000414,000121,B2B07092023Z116,9020000226,30,2024-01-21,Done,"Stephen Brix Esteban","2023-07-09 06:53:58"
000415,000121,B2B07092023Z117,9020000048,402,2024-02-19,Done,"Stephen Brix Esteban","2023-07-09 06:54:13"
000416,000122,B2B07092023Z118,9010000084,610,2025-03-08,Done,"Christian B. Salvacion","2023-07-09 08:22:11"
000417,000122,B2B07092023Z119,9010000084,5825,2025-04-20,Done,"Christian B. Salvacion","2023-07-09 08:22:22"
000418,000122,B2B07092023Z120,9010000014,140,2023-12-01,Done,"Christian B. Salvacion","2023-07-09 08:22:28"
000419,000122,B2B07092023Z121,9010000014,5866,2023-12-02,Done,"Christian B. Salvacion","2023-07-09 08:22:33"
000420,000122,B2B07092023Z122,9010000014,2206,2023-12-03,Done,"Christian B. Salvacion","2023-07-09 08:22:39"
000421,000122,B2B07092023Z123,9010000014,51,2023-12-16,Done,"Christian B. Salvacion","2023-07-09 08:22:46"
000422,000122,B2B07092023Z124,9010000044,1379,2023-10-13,Done,"Christian B. Salvacion","2023-07-09 08:22:54"
000423,000122,B2B07092023Z125,9010000044,584,2023-12-10,Done,"Christian B. Salvacion","2023-07-09 08:23:01"
000424,000122,B2B07092023Z126,9010000059,500,2023-12-15,Done,"Christian B. Salvacion","2023-07-09 08:23:08"
000425,000122,B2B07092023Z127,9010000059,452,2023-12-14,Done,"Christian B. Salvacion","2023-07-09 08:23:14"
000426,000122,B2B07092023Z128,9010000059,872,2023-11-10,Done,"Christian B. Salvacion","2023-07-09 08:23:19"
000427,000122,B2B07092023Z129,9010000059,5573,2023-12-13,Done,"Christian B. Salvacion","2023-07-09 08:23:25"
000428,000122,B2B07092023Z130,9010000059,849,2023-12-16,Done,"Christian B. Salvacion","2023-07-09 08:23:37"
000429,000123,B2B07092023Z131,9010000035,207,2023-11-11,Done,"Christian B. Salvacion","2023-07-10 04:10:04"
000430,000123,B2B07092023Z132,9010000035,707,2023-12-16,Done,"Christian B. Salvacion","2023-07-10 04:10:10"
000431,000123,B2B07092023Z133,9010000035,810,2023-11-12,Done,"Christian B. Salvacion","2023-07-10 04:10:16"
000432,000123,B2B07092023Z134,9010000035,114,2023-12-15,Done,"Christian B. Salvacion","2023-07-10 04:10:32"
000433,000123,B2B07092023Z135,9010000062,137,2023-11-19,Done,"Christian B. Salvacion","2023-07-10 04:10:38"
000434,000123,B2B07092023Z136,9010000009,1174,2023-12-06,Done,"Christian B. Salvacion","2023-07-10 04:10:44"
000435,000123,B2B07092023Z137,9010000009,3589,2023-12-07,Done,"Christian B. Salvacion","2023-07-10 04:10:50"
000436,000123,B2B07092023Z138,9010000019,1959,2023-12-08,Done,"Christian B. Salvacion","2023-07-10 04:13:18"
000437,000123,B2B07092023Z139,9010000039,238,2023-12-05,Done,"Christian B. Salvacion","2023-07-10 04:13:26"
000438,000123,B2B07092023Z140,9010000054,6156,2023-12-06,Done,"Christian B. Salvacion","2023-07-10 04:13:32"
000439,000123,B2B07092023Z141,9010000054,8647,2023-12-05,Done,"Christian B. Salvacion","2023-07-10 04:13:42"
000440,000123,B2B07092023Z142,9010000078,4656,2023-11-20,Done,"Christian B. Salvacion","2023-07-10 04:13:48"
000441,000123,B2B07092023Z143,9010000078,5034,2023-11-21,Done,"Christian B. Salvacion","2023-07-10 04:13:55"
000442,000123,B2B07092023Z144,9010000066,2036,2023-12-07,Done,"Christian B. Salvacion","2023-07-10 04:14:02"
000443,000123,B2B07092023Z145,9020000206,667,2024-02-23,Done,"Christian B. Salvacion","2023-07-10 04:14:07"
000444,000123,B2B07092023Z146,9020000206,298,2024-02-24,Done,"Christian B. Salvacion","2023-07-10 04:14:12"
000445,000123,B2B07092023Z147,9020000206,26,2024-02-10,Done,"Christian B. Salvacion","2023-07-10 04:14:17"
000446,000123,B2B07092023Z148,9020000206,904,2024-03-15,Done,"Christian B. Salvacion","2023-07-10 04:14:22"
000447,000123,B2B07092023Z149,9020000206,8,2024-03-19,Done,"Christian B. Salvacion","2023-07-10 04:14:27"
000448,000123,B2B07092023Z150,9020000019,946,2024-03-01,Done,"Christian B. Salvacion","2023-07-10 04:14:33"
000449,000123,B2B07092023Z151,9020000019,1700,2024-03-02,Done,"Christian B. Salvacion","2023-07-10 04:14:41"
000450,000123,B2B07092023Z152,9020000019,114,2024-04-04,Done,"Christian B. Salvacion","2023-07-10 04:14:54"
000451,000123,B2B07092023Z153,9020000019,1114,2024-03-04,Done,"Christian B. Salvacion","2023-07-10 04:14:58"
000452,000123,B2B07092023Z154,9020000025,1120,2024-04-01,Done,"Christian B. Salvacion","2023-07-10 04:15:04"
000453,000123,B2B07092023Z155,9020000025,3131,2024-02-29,Done,"Christian B. Salvacion","2023-07-10 04:15:09"
000454,000123,B2B07092023Z156,9020000025,1120,2024-04-02,Done,"Christian B. Salvacion","2023-07-10 04:15:15"
000455,000127,9800516633,9020000022,512,2024-04-05,Done,"Christian Cordova","2023-07-10 01:59:12"
000456,000127,9800516633,9020000022,96,2024-04-06,Done,"Christian Cordova","2023-07-10 01:59:31"
000457,000127,9800516633,9020000022,32,2024-04-08,Done,"Christian Cordova","2023-07-10 01:59:42"
000458,000127,9800516634,9020000022,507,2024-04-05,Done,"Christian Cordova","2023-07-10 07:50:40"
000459,000127,9800516634,9020000022,127,2024-04-06,Done,"Christian Cordova","2023-07-10 07:50:51"
000460,000127,9800516632,9020000018,635,2024-04-04,Done,"Shilaley Trilles","2023-07-10 06:28:55"
000461,000127,9800516635,9020000236,1139,2024-01-05,Done,"Shilaley Trilles","2023-07-13 14:55:51"
000462,000127,9800516635,9020000236,60,2024-01-06,Done,"Shilaley Trilles","2023-07-13 14:56:01"
000463,000124,B2B07092023Z157,9020000034,815,2024-02-10,Done,"Christian B. Salvacion","2023-07-10 06:46:44"
000464,000124,B2B07092023Z158,9020000034,4058,2024-02-19,Done,"Christian B. Salvacion","2023-07-10 06:46:57"
000465,000124,B2B07092023Z159,9020000034,634,2024-02-11,Done,"Christian B. Salvacion","2023-07-10 06:47:29"
000466,000124,B2B07092023Z160,9020000034,200,2023-12-14,Done,"Christian B. Salvacion","2023-07-10 06:47:59"
000467,000124,B2B07092023Z161,9020000034,2240,2024-04-04,Done,"Christian B. Salvacion","2023-07-10 06:48:27"
000468,000124,B2B07092023Z162,9020000040,90,2023-11-24,Done,"Christian B. Salvacion","2023-07-10 06:48:43"
000469,000124,B2B07092023Z163,9020000022,1195,2024-03-10,Done,"Christian B. Salvacion","2023-07-10 06:49:10"
000470,000124,B2B07092023Z164,9020000022,503,2024-02-10,Done,"Christian B. Salvacion","2023-07-10 06:49:28"
000471,000124,B2B07092023Z165,9020000022,1950,2024-02-12,Done,"Christian B. Salvacion","2023-07-10 06:49:49"
000472,000124,B2B07092023Z166,9020000022,237,2024-03-09,Done,"Christian B. Salvacion","2023-07-10 06:50:07"
000473,000124,B2B07092023Z167,9020000032,1141,2023-12-11,Done,"Christian B. Salvacion","2023-07-10 06:50:50"
000474,000124,B2B07092023Z168,9020000032,779,2024-03-08,Done,"Christian B. Salvacion","2023-07-10 06:51:10"
000475,000124,B2B07092023Z170,9020000207,151,2024-01-05,Done,"Christian B. Salvacion","2023-07-10 06:51:31"
000476,000124,B2B07092023Z171,9020000207,572,2023-12-10,Done,"Christian B. Salvacion","2023-07-10 06:51:56"
000477,000124,B2B07092023Z172,9020000207,1270,2024-02-12,Done,"Christian B. Salvacion","2023-07-10 06:52:15"
000478,000124,B2B07092023Z173,9020000207,708,2024-02-13,Done,"Christian B. Salvacion","2023-07-10 06:52:45"
000479,000124,B2B07092023Z174,9020000207,1019,2024-02-11,Done,"Christian B. Salvacion","2023-07-10 06:52:54"
000480,000124,B2B07092023Z175,9020000207,864,2024-03-10,Done,"Christian B. Salvacion","2023-07-10 06:53:11"
000481,000124,B2B07092023Z176,9020000207,96,2024-03-09,Done,"Christian B. Salvacion","2023-07-10 06:53:37"
000482,000124,B2B07092023Z177,9020000233,1825,2024-03-29,Done,"Christian B. Salvacion","2023-07-10 06:56:26"
000483,000124,B2B07092023Z178,9020000232,1750,2024-03-29,Done,"Christian B. Salvacion","2023-07-10 06:54:15"
000484,000125,B2B07092023Z179,9010000083,1189,2025-01-17,Done,"Christian B. Salvacion","2023-07-10 06:54:38"
000485,000125,B2B07092023Z180,9010000083,500,2025-03-08,Done,"Christian B. Salvacion","2023-07-10 06:54:54"
000486,000125,B2B07092023Z181,9010000083,7202,2025-04-11,Done,"Christian B. Salvacion","2023-07-10 06:55:16"
000487,000125,B2B07092023Z182,9010000083,2600,2025-04-08,Done,"Christian B. Salvacion","2023-07-10 06:55:29"
000488,000128,9800517204,9010000004,640,2023-12-17,Done,"Shilaley Trilles","2023-07-10 22:46:04"
000489,000129,9800517212,9020000025,1120,2024-04-05,Done,"Shilaley Trilles","2023-07-11 01:22:15"
000490,000128,9800517179,9010000014,850,2024-12-16,Done,"Christian Cordova","2023-07-10 23:18:55"
000491,000128,9800517172,9010000014,850,2023-12-16,Done,"Christian Cordova","2023-07-10 23:56:28"
000492,000128,9800517181,9010000014,849,2023-12-16,Done,"Christian Cordova","2023-07-11 02:15:47"
000493,000128,9800517178,9010000014,850,2023-12-16,Done,"Christian Cordova","2023-07-11 02:15:11"
000494,000128,9800517175,9010000014,849,2023-12-16,Done,"Christian Cordova","2023-07-11 02:16:49"
000495,000129,9800517213,9020000025,1008,2024-04-05,Done,"Christian Cordova","2023-07-11 06:10:12"
000496,000129,9800517213,9020000025,112,2024-04-06,Done,"Christian Cordova","2023-07-11 06:10:17"
000497,000128,9800517168,9010000014,36,2023-12-03,Done,"Christian Cordova","2023-07-11 05:42:44"
000498,000128,9800517168,9010000014,70,2023-12-16,Done,"Christian Cordova","2023-07-11 05:42:50"
000499,000128,9800517168,9010000004,576,2023-12-17,Done,"Christian Cordova","2023-07-11 05:42:55"
000500,000129,9800517217,9020000025,1120,2024-04-06,Done,"Christian Cordova","2023-07-12 06:27:53"
000501,000130,9800517288,9020000176,128,2024-03-28,Done,"Christian Cordova","2023-07-12 00:20:12"
000502,000130,9800517288,9020000176,448,2024-03-30,Done,"Christian Cordova","2023-07-12 00:20:19"
000503,000130,9800517288,9020000176,44,2024-04-01,Done,"Christian Cordova","2023-07-12 00:20:25"
000504,000130,9800517288,9020000176,20,2024-04-01,Done,"Christian Cordova","2023-07-12 00:20:34"
000505,000130,9800517472,9020000178,32,2024-03-26,Done,"Christian Cordova","2023-07-13 23:21:36"
000506,000130,9800517472,9020000178,607,2024-03-27,Done,"Christian Cordova","2023-07-13 23:21:44"
000507,000130,9800517207,9020000176,32,2024-03-27,Done,"Christian Cordova","2023-07-12 00:21:11"
000508,000130,9800517207,9020000176,288,2024-03-28,Done,"Christian Cordova","2023-07-12 00:21:16"
000509,000130,9800517207,9020000176,320,2024-03-30,Done,"Christian Cordova","2023-07-12 00:21:21"
000510,000131,9800517211,9020000178,224,2024-03-26,Done,"Christian Cordova","2023-07-24 05:26:13"
000511,000131,9800517211,9020000178,414,2024-03-27,Done,"Christian Cordova","2023-07-24 05:26:02"
000512,000129,9800517214,9020000025,1120,2024-04-06,Done,"Christian Cordova","2023-07-12 02:30:32"
000513,000128,9800517202,9010000004,832,2023-12-17,Done,"Crist Anthony Rafael","2023-07-12 01:55:53"
000514,000128,9800517199,9010000004,832,2023-12-17,Done,"Crist Anthony Rafael","2023-07-12 03:14:17"
000515,000128,9800517201,9010000004,832,2023-12-17,Done,"Crist Anthony Rafael","2023-07-12 03:15:56"
000516,000131,9800517208,9020000176,128,2024-03-27,Done,"Crist Anthony Rafael","2023-07-12 03:26:48"
000517,000131,9800517208,9020000176,352,2024-04-04,Done,"Crist Anthony Rafael","2023-07-12 00:18:15"
000518,000131,9800517208,9020000176,64,2024-04-03,Done,"Crist Anthony Rafael","2023-07-11 21:16:44"
000519,000131,9800517208,9020000176,64,2024-03-28,Done,"Crist Anthony Rafael","2023-07-11 21:16:57"
000520,000131,9800517208,9020000176,32,2024-04-01,Done,"Crist Anthony Rafael","2023-07-11 21:17:09"
000521,000129,9800517215,9020000025,56,2024-04-05,Done,"Crist Anthony Rafael","2023-07-15 10:46:51"
000522,000129,9800517215,9020000025,1064,2024-04-06,Done,"Crist Anthony Rafael","2023-07-15 10:47:04"
000523,000133,9800517829,9010000004,640,2023-12-17,Done,"Christian Cordova","2023-07-12 03:22:13"
000524,000133,9800517808,9010000004,640,2023-12-17,Done,"Christian Cordova","2023-07-12 06:26:26"
000525,000133,9800517801,9010000039,720,2024-01-10,Done,"Christian Cordova","2023-07-20 13:50:07"
000526,000133,9800517804,9010000039,720,2024-01-10,Done,"Christian Cordova","2023-07-14 09:20:25"
000527,000133,9800517806,9010000039,720,2024-01-10,Done,"Christian Cordova","2023-07-13 06:43:50"
000528,000133,9800517803,9010000039,720,2024-01-10,Done,"Christian Cordova","2023-07-14 22:34:15"
000529,000133,9800517805,9010000039,720,2024-01-10,Done,"Christian Cordova","2023-07-13 07:18:40"
000530,000134,KYWU2160730,9010000084,2361,2025-06-20,Done,"Shilaley Trilles","2023-07-12 23:00:06"
000531,000134,KYWU2160730,9010000084,239,2025-03-20,Done,"Shilaley Trilles","2023-07-12 23:00:24"
000532,000134,KYWU2180422,9010000083,1600,2025-04-11,Done,"Shilaley Trilles","2023-07-12 19:45:22"
000533,000134,KYWU2180422,9010000083,1000,2025-06-20,Done,"Shilaley Trilles","2023-07-12 19:45:41"
000534,000134,KYWU2130566,9010000084,2600,2025-04-20,Done,"Shilaley Trilles","2023-07-13 03:35:42"
000535,000134,KYWU2160391,9010000083,2000,2025-04-11,Done,"Shilaley Trilles","2023-07-13 00:24:08"
000536,000134,KYWU2160391,9010000083,600,2025-06-20,Done,"Shilaley Trilles","2023-07-13 00:24:18"
000537,000134,KYWU2220356,9010000083,900,2025-04-11,Done,"Shilaley Trilles","2023-07-13 03:11:30"
000538,000134,KYWU2220356,9010000083,1700,2025-06-20,Done,"Shilaley Trilles","2023-07-24 05:25:45"
000539,000134,KYWU2151553,9010000084,2082,2025-06-20,Done,"Christian Cordova","2023-07-13 02:18:59"
000540,000134,KYWU2151553,9010000084,518,2025-03-20,Done,"Christian Cordova","2023-07-13 02:19:05"
000541,000135,9800518308,9010000004,640,2023-12-17,Done,"Christian Cordova","2023-07-14 00:37:51"
000542,000138,9800518356,9020000174,240,2024-03-23,Done,"Christian Cordova","2023-07-24 05:25:28"
000543,000138,9800518356,9020000174,720,2024-03-22,Done,"Christian Cordova","2023-07-24 05:25:01"
000544,000136,9800518615,9020000025,560,2024-04-06,Done,"Christian Cordova","2023-07-14 22:39:51"
000545,000136,9800518615,9020000031,640,2024-04-07,Done,"Christian Cordova","2023-07-14 22:40:00"
000546,000133,9800517827,9010000004,608,2023-12-17,Done,"Shilaley Trilles","2023-07-14 02:48:27"
000547,000133,9800517827,9010000004,32,2023-12-16,Done,"Shilaley Trilles","2023-07-14 02:48:34"
000548,000135,9800517978,9010000016,680,2024-01-11,Done,"Shilaley Trilles","2023-07-14 03:58:27"
000549,000133,9800517830,9010000004,817,2023-12-17,Done,"Christian Cordova","2023-07-14 07:33:50"
000550,000133,9800517830,9010000004,15,2023-12-18,Done,"Christian Cordova","2023-07-14 07:33:57"
000551,000140,9800519017,9010000202,640,2023-12-18,Done,"Christian Cordova","2023-07-17 00:17:30"
000552,000135,9800517981,9010000016,680,2024-01-11,Done,"Christian Cordova","2023-07-14 02:56:09"
000553,000135,9800518317,9010000049,640,2023-11-30,Done,"Christian Cordova","2023-07-17 02:01:11"
000554,000139,9800518775,9020000206,23,2024-02-24,Done,"Christian Cordova","2023-07-15 01:26:11"
000555,000139,9800518775,9020000206,336,2024-03-15,Done,"Christian Cordova","2023-07-15 01:26:15"
000556,000139,9800518775,9020000206,576,2024-03-16,Done,"Christian Cordova","2023-07-15 01:26:20"
000557,000135,9800517983,9010000016,680,2024-01-11,Done,"Christian Cordova","2023-07-14 06:34:00"
000558,000135,9800517985,9010000016,680,2024-01-11,Done,"Christian Cordova","2023-07-14 06:45:16"
000559,000141,9800518797,9010000016,680,2024-01-11,Done,"Christian Cordova","2023-07-14 23:39:32"
000560,000135,9800517982,9010000016,260,2024-01-11,Done,"Christian Cordova","2023-07-17 19:27:42"
000561,000135,9800517982,9010000004,64,2023-12-16,Done,"Christian Cordova","2023-07-17 19:27:57"
000562,000135,9800517982,9010000004,364,2023-12-17,Done,"Christian Cordova","2023-07-17 19:28:08"
000563,000138,9800518355,9020000236,240,2024-01-11,Done,"Christian Cordova","2023-07-24 05:23:48"
000564,000138,9800518355,9020000236,60,2024-01-10,Done,"Christian Cordova","2023-07-24 05:24:09"
000565,000138,9800518355,9020000236,900,2024-01-12,Done,"Christian Cordova","2023-07-24 05:24:31"
000566,000139,9800518783,9020000010,816,2024-01-11,Done,"Christian Cordova","2023-07-14 08:11:40"
000567,000139,9800518783,9020000010,96,2024-01-08,Done,"Christian Cordova","2023-07-14 08:11:46"
000568,000139,9800518783,9020000010,48,2024-01-07,Done,"Christian Cordova","2023-07-14 08:11:52"
000569,000137,9800518352,9020000072,48,2024-03-20,Done,"Christian Cordova","2023-07-14 23:28:24"
000570,000137,9800518352,9020000072,864,2024-03-21,Done,"Christian Cordova","2023-07-14 23:28:30"
000571,000137,9800518352,9020000072,48,2024-03-22,Done,"Christian Cordova","2023-07-14 23:28:35"
000573,000137,9800518351,9020000174,576,2024-03-22,Done,"Christian Cordova","2023-07-15 02:00:35"
000574,000137,9800518351,9020000174,384,2024-03-23,Done,"Christian Cordova","2023-07-15 02:00:40"
000575,000133,9800517832,9010000004,32,2023-12-16,Done,"Christian Cordova","2023-07-17 00:16:09"
000576,000133,9800517832,9010000004,800,2023-12-17,Done,"Christian Cordova","2023-07-17 00:16:15"
000577,000135,9800518311,9010000074,40,2024-01-13,Done,"Christian Cordova","2023-07-16 22:57:38"
000578,000135,9800518311,9010000074,640,2024-01-14,Done,"Christian Cordova","2023-07-16 22:57:43"
000579,000141,9800518795,9010000016,680,2024-01-11,Done,"Christian Cordova","2023-07-24 05:23:26"
000580,000141,9800518786,9010000016,680,2024-01-11,Done,"Christian Cordova","2023-07-24 05:22:56"
000581,000142,9800519254,9010000066,720,2024-01-13,Done,"Christian Cordova","2023-07-24 05:19:17"
000582,000143,9800519248,9020000176,256,2024-03-28,Done,"Christian Cordova","2023-07-15 09:25:57"
000583,000143,9800519248,9020000176,384,2024-03-30,Done,"Christian Cordova","2023-07-15 09:26:08"
000584,000143,9800519244,9020000229,96,2024-03-20,Done,"Christian Cordova","2023-07-16 01:36:41"
000585,000143,9800519244,9020000229,863,2024-03-24,Done,"Christian Cordova","2023-07-16 01:36:51"
000586,000143,9800519244,9020000229,1,2024-03-16,Done,"Christian Cordova","2023-07-16 01:37:02"
000587,000143,9800519246,9020000176,64,2024-03-28,Done,"Christian Cordova","2023-07-15 09:26:29"
000588,000143,9800519246,9020000176,128,2024-03-30,Done,"Christian Cordova","2023-07-15 09:26:35"
000589,000143,9800519246,9020000176,96,2024-04-01,Done,"Christian Cordova","2023-07-15 09:26:40"
000590,000143,9800519246,9020000176,288,2024-04-04,Done,"Christian Cordova","2023-07-15 09:26:44"
000591,000143,9800519246,9020000176,64,2024-04-03,Done,"Christian Cordova","2023-07-15 09:26:50"
000592,000143,9800519245,9020000176,192,2024-03-27,Done,"Christian Cordova","2023-07-15 09:25:19"
000593,000143,9800519245,9020000176,256,2024-03-30,Done,"Christian Cordova","2023-07-15 09:25:25"
000594,000143,9800519245,9020000176,32,2024-04-03,Done,"Christian Cordova","2023-07-15 09:25:32"
000595,000143,9800519245,9020000176,160,2024-04-04,Done,"Christian Cordova","2023-07-15 09:25:37"
000596,000143,9800519247,9020000176,64,2024-03-27,Done,"Christian Cordova","2023-07-17 08:31:13"
000597,000143,9800519247,9020000176,191,2024-03-28,Done,"Christian Cordova","2023-07-17 08:31:18"
000598,000143,9800519247,9020000176,320,2024-03-30,Done,"Christian Cordova","2023-07-17 08:31:24"
000599,000143,9800519247,9020000176,64,2024-04-04,Done,"Christian Cordova","2023-07-17 08:31:29"
000600,000142,9800519260,9010000066,720,2024-01-13,Done,"Christian Cordova","2023-07-15 23:20:44"
000601,000143,9800518777,9020000229,432,2024-03-24,Done,"Shilaley Trilles","2023-07-16 01:52:23"
000602,000143,9800518777,9020000229,48,2024-03-26,Done,"Shilaley Trilles","2023-07-16 01:52:33"
000603,000142,9800519250,9010000066,720,2024-01-13,Done,"Shilaley Trilles","2023-07-15 23:20:21"
000604,000142,9800519255,9010000066,720,2024-01-13,Done,"Shilaley Trilles","2023-07-15 23:20:33"
000605,000142,9800519261,9010000009,720,2024-01-11,Done,"Shilaley Trilles","2023-07-16 01:40:51"
000606,000141,9800518798,9010000063,1614,2024-07-12,Done,"Shilaley Trilles","2023-07-17 07:22:00"
000607,000144,9800518354,9020000174,720,2024-03-22,Done,"Shilaley Trilles","2023-07-17 07:33:35"
000608,000144,9800518354,9020000174,240,2024-03-23,Done,"Shilaley Trilles","2023-07-17 07:33:41"
000609,000143,9800518770,9020000010,480,2024-01-11,Done,"Shilaley Trilles","2023-07-18 08:33:57"
000610,000143,9800518770,9020000010,336,2024-01-13,Done,"Shilaley Trilles","2023-07-18 08:34:10"
000611,000143,9800518770,9020000010,144,2024-01-14,Done,"Shilaley Trilles","2023-07-18 08:34:17"
000612,000141,9800518799,9010000004,680,2024-01-14,Done,"Shilaley Trilles","2023-07-20 06:57:51"
000613,000143,9800518784,9020000010,960,2024-01-13,Done,"Shilaley Trilles","2023-07-19 06:14:18"
000614,000143,9800518773,9020000010,960,2024-01-11,Done,"Shilaley Trilles","2023-07-18 01:42:25"
000615,000135,9800518314,9010000074,647,2024-01-14,Done,"Shilaley Trilles","2023-07-24 05:13:01"
000616,000135,9800518314,9010000074,233,2024-01-13,Done,"Shilaley Trilles","2023-07-24 05:13:17"
000617,000142,9800519263,9010000009,720,2024-01-11,Done,"Shilaley Trilles","2023-07-24 05:12:50"
000618,000135,9800518313,9010000074,320,2024-01-14,Done,"Shilaley Trilles","2023-07-24 05:12:01"
000619,000135,9800518313,9010000074,560,2024-01-13,Done,"Shilaley Trilles","2023-07-24 05:12:11"
000620,000147,9800519834,9020000072,96,2024-03-20,Done,"Crist Anthony Rafael","2023-07-24 05:11:05"
000621,000147,9800519834,9020000072,624,2024-03-21,Done,"Crist Anthony Rafael","2023-07-24 05:11:35"
000622,000147,9800519834,9020000072,240,2024-03-22,Done,"Crist Anthony Rafael","2023-07-24 05:11:45"
000623,000147,9800519815,9020000176,288,2024-03-28,Done,"Crist Anthony Rafael","2023-07-17 08:31:34"
000624,000147,9800519815,9020000176,352,2024-03-30,Done,"Crist Anthony Rafael","2023-07-17 08:31:39"
000625,000147,9800519829,9020000176,512,2024-03-28,Done,"Crist Anthony Rafael","2023-07-17 08:31:44"
000626,000147,9800519829,9020000176,128,2024-03-30,Done,"Crist Anthony Rafael","2023-07-17 08:31:48"
000627,000147,9800519812,9020000071,912,2024-04-01,Done,"Crist Anthony Rafael","2023-07-17 10:57:37"
000628,000147,9800519812,9020000071,48,2024-04-02,Done,"Crist Anthony Rafael","2023-07-17 10:57:49"
000629,000147,9800519828,9020000175,720,2024-03-24,Done,"Shilaley Trilles","2023-07-17 08:30:41"
000630,000147,9800519828,9020000174,98,2024-03-22,Done,"Shilaley Trilles","2023-07-24 05:07:50"
000631,000147,9800519828,9020000174,94,2024-03-23,Done,"Shilaley Trilles","2023-07-24 05:08:00"
000632,000147,9800519828,9020000174,48,2024-03-24,Done,"Shilaley Trilles","2023-07-24 05:08:25"
000633,000147,9800520119,9020000030,959,2024-04-13,Done,"Shilaley Trilles","2023-07-24 05:07:26"
000634,000143,9800518777,9010000246,1440,2023-11-01,Done,"Shilaley Trilles","2023-07-17 04:05:54"
000635,000148,9800519814,9020000030,228,2024-04-13,Done,"Shilaley Trilles","2023-07-17 08:46:16"
000636,000148,9800519814,9020000030,732,2024-04-14,Done,"Shilaley Trilles","2023-07-17 08:46:09"
000637,000150,9800519818,9020000178,448,2024-04-01,Done,"Shilaley Trilles","2023-07-17 11:10:33"
000638,000150,9800519818,9020000178,160,2024-04-02,Done,"Shilaley Trilles","2023-07-17 11:11:06"
000639,000150,9800519818,9020000178,32,2024-03-26,Done,"Shilaley Trilles","2023-07-17 11:12:10"
000640,000149,9800520319,9020000236,60,2024-01-04,Done,"Shilaley Trilles","2023-07-18 14:12:57"
000641,000149,9800520319,9020000236,60,2024-01-07,Done,"Shilaley Trilles","2023-07-18 14:13:13"
000642,000149,9800520319,9020000236,720,2024-01-08,Done,"Shilaley Trilles","2023-07-18 14:13:27"
000643,000149,9800520319,9020000236,60,2024-01-11,Done,"Shilaley Trilles","2023-07-18 14:13:40"
000644,000149,9800520319,9020000236,60,2024-01-12,Done,"Shilaley Trilles","2023-07-18 14:13:50"
000645,000149,9800520319,9020000236,180,2024-01-13,Done,"Shilaley Trilles","2023-07-18 14:14:47"
000646,000149,9800520319,9020000236,60,2024-01-15,Done,"Shilaley Trilles","2023-07-18 14:15:14"
000647,000150,9800519827,9020000178,416,2024-04-01,Done,"Shilaley Trilles","2023-07-17 10:57:14"
000648,000150,9800519827,9020000178,223,2024-04-02,Done,"Shilaley Trilles","2023-07-17 10:58:09"
000649,000149,9800520281,9020000236,720,2024-01-05,Done,"Shilaley Trilles","2023-07-17 20:20:22"
000650,000149,9800520281,9020000236,300,2024-01-12,Done,"Shilaley Trilles","2023-07-17 20:20:34"
000651,000149,9800520281,9020000236,180,2024-01-08,Done,"Shilaley Trilles","2023-07-17 20:20:49"
000652,000149,9800520284,9020000012,288,2024-01-15,Done,"Shilaley Trilles","2023-07-17 23:30:35"
000653,000149,9800520284,9020000012,672,2024-01-16,Done,"Shilaley Trilles","2023-07-17 23:30:40"
000654,000151,9800519820,9020000176,608,2024-03-30,Done,"Shilaley Trilles","2023-07-17 20:28:51"
000655,000151,9800519820,9020000176,32,2024-03-28,Done,"Shilaley Trilles","2023-07-17 20:29:12"
000656,000149,9800520310,9020000175,480,2024-03-24,Done,"Shilaley Trilles","2023-07-19 00:45:07"
000657,000149,9800520310,9020000012,480,2024-01-15,Done,"Shilaley Trilles","2023-07-19 00:45:13"
000658,000153,9800520313,9020000012,960,2024-01-15,Done,"Shilaley Trilles","2023-07-18 08:47:53"
000659,000152,9800520345,9010000062,640,2024-01-17,Done,"Shilaley Trilles","2023-07-22 03:31:56"
000660,000152,9800520348,9010000062,640,2024-01-17,Done,"Shilaley Trilles","2023-07-22 03:32:13"
000661,000152,9800520350,9010000049,640,2023-12-15,Done,"Shilaley Trilles","2023-07-19 01:33:27"
000662,000152,9800520349,9010000062,638,2024-01-17,Done,"Shilaley Trilles","2023-07-18 02:32:47"
000663,000152,9800520349,9010000062,2,2024-01-16,Done,"Shilaley Trilles","2023-07-18 02:33:02"
000664,000154,9800520321,9020000236,660,2024-01-08,Done,"Shilaley Trilles","2023-07-24 05:06:19"
000665,000154,9800520321,9020000236,480,2024-01-10,Done,"Shilaley Trilles","2023-07-24 05:06:29"
000666,000154,9800520321,9020000236,60,2024-01-12,Done,"Shilaley Trilles","2023-07-24 05:06:09"
000667,000152,9800520361,9010000004,680,2024-01-14,Done,"Shilaley Trilles","2023-07-19 00:38:45"
000668,000156,9800520320,9020000236,120,2024-01-06,Done,"Shilaley Trilles","2023-07-19 02:30:22"
000669,000156,9800520320,9020000236,60,2024-01-10,Done,"Shilaley Trilles","2023-07-19 02:31:31"
000670,000156,9800520320,9020000236,900,2024-01-11,Done,"Shilaley Trilles","2023-07-19 02:31:36"
000671,000156,9800520320,9020000236,120,2024-01-13,Done,"Shilaley Trilles","2023-07-19 02:31:45"
000673,000156,9800520315,9020000178,448,2024-03-26,Done,"Shilaley Trilles","2023-07-18 21:09:29"
000674,000156,9800520315,9020000178,160,2024-03-27,Done,"Shilaley Trilles","2023-07-18 21:09:40"
000675,000156,9800520315,9020000178,32,2024-03-29,Done,"Shilaley Trilles","2023-07-18 21:09:49"
000676,000152,9800520360,9010000004,680,2024-01-14,Done,"Shilaley Trilles","2023-07-19 12:43:01"
000677,000152,9800520358,9010000004,680,2024-01-14,Done,"Shilaley Trilles","2023-07-19 08:13:48"
000678,000156,9800520940,9020000178,320,2024-03-26,Done,"Shilaley Trilles","2023-07-19 18:22:53"
000679,000156,9800520940,9020000178,160,2024-03-27,Done,"Shilaley Trilles","2023-07-19 18:23:08"
000680,000156,9800520940,9020000178,138,2024-03-29,Done,"Shilaley Trilles","2023-07-19 18:23:18"
000681,000156,9800520940,9020000178,22,2024-04-02,Done,"Shilaley Trilles","2023-07-19 18:23:29"
000682,000156,9800520318,9020000178,640,2024-03-26,Done,"Shilaley Trilles","2023-07-19 02:41:25"
000683,000156,9800520316,9020000176,448,2024-03-28,Done,"Shilaley Trilles","2023-07-20 22:45:29"
000684,000156,9800520316,9020000176,96,2024-03-30,Done,"Shilaley Trilles","2023-07-20 22:45:37"
000685,000156,9800520316,9020000176,96,2024-04-04,Done,"Shilaley Trilles","2023-07-20 22:45:54"
000686,000156,9800520939,9020000176,64,2024-03-30,Done,"Shilaley Trilles","2023-07-19 18:24:00"
000687,000156,9800520939,9020000176,128,2024-04-03,Done,"Shilaley Trilles","2023-07-19 18:24:10"
000688,000156,9800520939,9020000176,448,2024-04-04,Done,"Shilaley Trilles","2023-07-19 18:24:20"
000689,000157,9800520980,9010000049,640,2024-01-17,Done,"Shilaley Trilles","2023-07-19 05:57:08"
000690,000157,9800520969,9010000035,640,2024-01-18,Done,"Shilaley Trilles","2023-07-19 08:20:31"
000691,000156,9800520946,9020000236,300,2024-01-10,Done,"Shilaley Trilles","2023-07-19 14:34:55"
000692,000156,9800520946,9020000236,120,2024-01-11,Done,"Shilaley Trilles","2023-07-19 14:35:06"
000693,000156,9800520946,9020000236,780,2024-01-12,Done,"Shilaley Trilles","2023-07-19 14:35:17"
000694,000156,9800520943,9020000236,300,2024-01-11,Done,"Shilaley Trilles","2023-07-22 03:01:42"
000695,000156,9800520943,9020000236,60,2024-01-12,Done,"Shilaley Trilles","2023-07-22 03:01:50"
000696,000156,9800520943,9020000236,479,2024-12-13,Done,"Shilaley Trilles","2023-07-22 03:01:59"
000697,000156,9800520943,9020000236,120,2024-01-14,Done,"Shilaley Trilles","2023-07-22 03:02:05"
000698,000156,9800520943,9020000236,240,2024-01-15,Done,"Shilaley Trilles","2023-07-22 03:02:12"
000699,000156,9800520945,9020000236,480,2024-01-10,Done,"Christian Cordova","2023-07-19 10:45:40"
000700,000156,9800520945,9020000236,720,2024-01-11,Done,"Christian Cordova","2023-07-19 10:45:52"
000701,000157,9800520978,9010000049,640,2024-01-17,Done,"Shilaley Trilles","2023-07-19 10:45:27"
000702,000157,9800520975,9010000035,640,2024-01-18,Done,"Shilaley Trilles","2023-07-19 20:01:41"
000703,000157,9800520976,9010000035,640,2024-01-18,Done,"Shilaley Trilles","2023-07-19 22:47:39"
000704,000156,9800520942,9020000176,640,2024-03-30,Done,"Shilaley Trilles","2023-07-19 23:21:38"
000705,000157,9800520977,9010000035,640,2024-01-18,Done,"Shilaley Trilles","2023-07-20 00:16:01"
000706,000156,9800520948,9020000236,120,2024-01-14,Done,"Shilaley Trilles","2023-07-21 23:24:31"
000707,000156,9800520948,9020000236,180,2024-01-11,Done,"Shilaley Trilles","2023-07-21 23:24:39"
000708,000156,9800520948,9020000236,480,2024-01-13,Done,"Shilaley Trilles","2023-07-21 23:24:47"
000709,000156,9800520948,9020000236,300,2024-01-12,Done,"Shilaley Trilles","2023-07-21 23:24:55"
000710,000156,9800520948,9020000236,120,2024-01-10,Done,"Shilaley Trilles","2023-07-21 23:25:03"
000711,000152,9800520355,9010000049,40,2023-12-14,Done,"Shilaley Trilles","2023-07-20 05:32:02"
000712,000152,9800520355,9010000049,840,2023-12-15,Done,"Shilaley Trilles","2023-07-20 05:32:08"
000713,000152,9800520351,9010000049,1040,2023-12-14,Done,"Shilaley Trilles","2023-07-20 01:18:47"
000714,000157,9800520986,9010000049,640,2024-01-17,Done,"Christian Cordova","2023-07-20 07:23:54"
000715,000157,9800520985,9010000049,640,2024-01-17,Done,"Christian Cordova","2023-07-20 08:23:27"
000716,000158,9800521539,9020000178,256,2024-03-26,Done,"Christian Cordova","2023-07-21 20:06:55"
000717,000158,9800521539,9020000178,32,2024-03-29,Done,"Christian Cordova","2023-07-21 20:07:10"
000718,000158,9800521539,9020000178,224,2024-04-01,Done,"Christian Cordova","2023-07-21 20:07:23"
000719,000158,9800521539,9020000178,128,2024-04-02,Done,"Christian Cordova","2023-07-21 20:07:36"
000720,000158,9800521535,9020000178,32,2024-03-29,Done,"Christian Cordova","2023-07-20 22:42:57"
000721,000158,9800521535,9020000178,608,2024-04-01,Done,"Christian Cordova","2023-07-20 22:43:06"
000722,000158,9800521536,9020000178,640,2024-04-01,Done,"Shilaley Trilles","2023-07-20 23:25:09"
000723,000158,9800521537,9020000236,1200,2024-01-15,Done,"Shilaley Trilles","2023-07-24 05:05:38"
000724,000005,INVADJ072023,9010000054,949,2023-12-06,Done,"John Carlo Arroyo","2023-07-20 07:04:37"
000725,000005,INVADJ072023-1,9020000231,42,2024-03-29,Done,"John Carlo Arroyo","2023-07-20 07:04:50"
000726,000158,9800521550,9020000236,1080,2024-01-11,Done,"Shilaley Trilles","2023-07-24 04:19:50"
000727,000158,9800521550,9020000236,120,2024-01-10,Done,"Shilaley Trilles","2023-07-24 04:20:00"
000728,000158,9800521543,9020000236,120,2024-01-12,Done,"Shilaley Trilles","2023-07-24 04:18:26"
000729,000158,9800521543,9020000236,300,2024-01-13,Done,"Shilaley Trilles","2023-07-24 04:18:12"
000730,000158,9800521543,9020000236,60,2024-01-14,Done,"Shilaley Trilles","2023-07-24 04:17:56"
000731,000158,9800521543,9020000236,720,2024-01-15,Done,"Shilaley Trilles","2023-07-24 04:17:40"
000732,000157,9800520988,9010000074,880,2024-01-13,Done,"Shilaley Trilles","2023-07-20 23:49:12"
000733,000157,9800520987,9010000074,880,2024-01-13,Done,"Shilaley Trilles","2023-07-20 22:29:59"
000734,000152,9800520352,9010000049,1024,2023-12-15,Done,"Crist Anthony Rafael","2023-07-20 19:29:19"
000735,000158,9800521541,9020000176,160,2024-03-30,Done,"Crist Anthony Rafael","2023-07-20 23:31:25"
000736,000158,9800521541,9020000176,480,2024-04-03,Done,"Crist Anthony Rafael","2023-07-20 23:31:33"
000737,000159,9800521577,9010000035,320,2024-01-18,Done,"Crist Anthony Rafael","2023-07-20 19:32:50"
000738,000159,9800521577,9010000009,360,2024-01-11,Done,"Crist Anthony Rafael","2023-07-20 19:33:04"
000739,000161,9800521548,9020000236,780,2024-01-18,Done,"Crist Anthony Rafael","2023-07-20 22:56:12"
000740,000161,9800521548,9020000236,120,2024-01-19,Done,"Crist Anthony Rafael","2023-07-20 22:56:27"
000741,000161,9800521548,9020000236,300,2024-01-20,Done,"Crist Anthony Rafael","2023-07-20 22:56:39"
000742,000161,9800521540,9020000176,640,2024-04-03,Done,"Crist Anthony Rafael","2023-07-20 23:29:11"
000743,000160,9800522053,9010000004,680,2024-01-14,Done,"Shilaley Trilles","2023-07-21 00:43:54"
000744,000160,9800522052,9010000004,880,2024-01-14,Done,"Shilaley Trilles","2023-07-21 06:03:01"
000745,000163,INV-ADD-0001,9010000004,36,2024-01-13,Done,"John Carlo Arroyo","2023-07-21 07:26:24"
000746,000163,INV-ADD-0051,9020000011,8,2023-11-10,Done,"Christian B. Salvacion","2023-07-21 07:22:16"
000747,000163,INV-ADD-0002,9010000006,1604,2024-05-16,Done,"John Carlo Arroyo","2023-07-21 07:26:34"
000748,000163,INV-ADD-0003,9010000009,513,2023-12-07,Done,"John Carlo Arroyo","2023-07-21 07:26:42"
000749,000163,INV-ADD-0052,9020000012,429,2024-01-16,Done,"Christian B. Salvacion","2023-07-21 07:23:03"
000750,000163,INV-ADD-0053,9020000018,321,2024-02-13,Done,"Christian B. Salvacion","2023-07-21 07:23:13"
000751,000163,INV-ADD-0004,9010000009,99,2024-01-11,Done,"John Carlo Arroyo","2023-07-21 07:26:52"
000752,000163,INV-ADD-0054,9020000018,85,2024-04-04,Done,"Christian B. Salvacion","2023-07-21 07:23:22"
000753,000163,INV-ADD-0055,9020000019,1184,2024-03-02,Done,"Christian B. Salvacion","2023-07-21 07:23:31"
000754,000163,INV-ADD-0005,9010000014,784,2023-12-02,Done,"John Carlo Arroyo","2023-07-21 07:27:10"
000755,000163,INV-ADD-0006,9010000014,50,2023-12-03,Done,"John Carlo Arroyo","2023-07-21 07:27:40"
000756,000163,INV-ADD-0056,9020000021,200,2024-03-14,Done,"Christian B. Salvacion","2023-07-21 07:23:41"
000757,000163,INV-ADD-0007,9010000014,87,2023-12-10,Done,"John Carlo Arroyo","2023-07-21 07:27:51"
000758,000163,INV-ADD-0057,9020000022,309,2024-02-12,Done,"Christian B. Salvacion","2023-07-21 07:23:50"
000759,000163,INV-ADD-0058,9020000022,112,2024-02-24,Done,"Christian B. Salvacion","2023-07-21 07:24:00"
000760,000163,INV-ADD-0008,9010000014,893,2023-12-16,Done,"John Carlo Arroyo","2023-07-21 07:28:17"
000761,000163,INV-ADD-0059,9020000022,1080,2024-03-09,Done,"Christian B. Salvacion","2023-07-21 07:24:10"
000762,000163,INV-ADD-0010,9010000016,364,2023-12-17,Done,"John Carlo Arroyo","2023-07-21 07:28:28"
000763,000163,INV-ADD-0060,9020000022,60,2024-04-05,Done,"Christian B. Salvacion","2023-07-21 07:24:27"
000764,000163,INV-ADD-0061,9020000025,1022,2024-04-01,Done,"Christian B. Salvacion","2023-07-21 07:24:37"
000765,000163,INV-ADD-0011,9010000016,553,2024-01-11,Done,"John Carlo Arroyo","2023-07-21 07:28:41"
000766,000163,INV-ADD-0062,9020000027,1509,2024-02-26,Done,"Christian B. Salvacion","2023-07-21 07:24:47"
000767,000163,INV-ADD-0012,9010000019,1230,2023-12-08,Done,"John Carlo Arroyo","2023-07-21 07:28:51"
000768,000163,INV-ADD-0063,9020000029,161,2024-02-11,Done,"Christian B. Salvacion","2023-07-21 07:24:56"
000769,000163,INV-ADD-0013,9010000023,811,2023-11-30,Done,"John Carlo Arroyo","2023-07-21 07:29:01"
000770,000163,INV-ADD-0064,9020000029,60,2024-02-12,Done,"Christian B. Salvacion","2023-07-21 07:25:15"
000771,000163,INV-ADD-0065,9020000030,532,2024-02-17,Done,"Christian B. Salvacion","2023-07-21 07:25:23"
000772,000163,INV-ADD-0014,9010000036,150,2024-03-04,Done,"John Carlo Arroyo","2023-07-21 07:29:09"
000773,000163,INV-ADD-0066,9020000030,129,2024-02-18,Done,"Christian B. Salvacion","2023-07-21 07:25:32"
000774,000163,INV-ADD-0015,9010000039,94,2023-12-05,Done,"John Carlo Arroyo","2023-07-21 07:29:17"
000775,000163,INV-ADD-0067,9020000030,38,2024-04-14,Done,"Christian B. Salvacion","2023-07-21 07:25:40"
000776,000163,INV-ADD-0016,9010000039,1130,2024-01-10,Done,"John Carlo Arroyo","2023-07-21 07:29:26"
000777,000163,INV-ADD-0068,9020000030,959,2024-04-19,Done,"Christian B. Salvacion","2023-07-21 07:26:11"
000778,000163,INV-ADD-0017,9010000044,51,2023-10-10,Done,"John Carlo Arroyo","2023-07-21 07:29:35"
000779,000163,INV-ADD-0069,9020000031,269,2024-04-07,Done,"Christian B. Salvacion","2023-07-21 07:29:43"
000780,000163,INV-ADD-0018,9010000044,200,2023-12-04,Done,"John Carlo Arroyo","2023-07-21 07:29:50"
000781,000163,INV-ADD-0070,9020000032,445,2024-03-08,Done,"Christian B. Salvacion","2023-07-21 07:30:00"
000782,000163,INV-ADD-0019,9010000049,467,2023-11-18,Done,"John Carlo Arroyo","2023-07-21 07:30:08"
000783,000163,INV-ADD-0071,9020000034,1716,2024-02-10,Done,"Christian B. Salvacion","2023-07-21 07:30:18"
000784,000163,INV-ADD-0020,9010000049,283,2023-11-30,Done,"John Carlo Arroyo","2023-07-21 07:30:26"
000785,000163,INV-ADD-0072,9020000034,581,2024-02-19,Done,"Christian B. Salvacion","2023-07-21 07:30:34"
000786,000163,INV-ADD-0021,9010000049,605,2023-12-14,Done,"John Carlo Arroyo","2023-07-21 07:30:42"
000787,000163,INV-ADD-0073,9020000036,502,2024-03-08,Done,"Christian B. Salvacion","2023-07-21 07:30:50"
000788,000163,INV-ADD-0022,9010000049,159,2023-12-15,Done,"John Carlo Arroyo","2023-07-21 07:30:58"
000789,000163,INV-ADD-0074,9020000041,157,2024-04-03,Done,"Christian B. Salvacion","2023-07-21 07:31:06"
000790,000163,INV-ADD-0075,9020000071,278,2024-02-19,Done,"Christian B. Salvacion","2023-07-21 07:31:14"
000791,000163,INV-ADD-0023,9010000051,931,2024-03-07,Done,"John Carlo Arroyo","2023-07-21 07:31:24"
000792,000163,INV-ADD-0024,9010000051,2921,2024-03-08,Done,"John Carlo Arroyo","2023-07-21 07:31:32"
000793,000163,INV-ADD-0076,9020000071,159,2024-04-01,Done,"Christian B. Salvacion","2023-07-21 07:31:39"
000794,000163,INV-ADD-0077,9020000072,282,2023-12-01,Done,"Christian B. Salvacion","2023-07-21 07:31:50"
000795,000163,INV-ADD-0025,9010000054,4731,2023-12-06,Done,"John Carlo Arroyo","2023-07-21 07:31:59"
000796,000163,INV-ADD-0078,9020000072,444,2024-03-21,Done,"Christian B. Salvacion","2023-07-21 07:32:07"
000797,000163,INV-ADD-0026,9010000059,176,2023-12-14,Done,"John Carlo Arroyo","2023-07-21 07:32:14"
000798,000163,INV-ADD-0079,9020000174,341,2023-12-03,Done,"Christian B. Salvacion","2023-07-21 07:32:20"
000799,000163,INV-ADD-0027,9010000059,4071,2023-12-15,Done,"John Carlo Arroyo","2023-07-21 07:32:29"
000800,000163,INV-ADD-0028,9010000059,259,2023-12-16,Done,"John Carlo Arroyo","2023-07-21 07:32:35"
000801,000163,INV-ADD-0080,9020000174,64,2023-12-04,Done,"Christian B. Salvacion","2023-07-21 07:32:41"
000802,000163,INV-ADD-0029,9010000062,2,2024-01-16,Done,"John Carlo Arroyo","2023-07-21 07:32:48"
000803,000163,INV-ADD-0081,9020000174,211,2024-03-22,Done,"Christian B. Salvacion","2023-07-21 07:32:55"
000804,000163,INV-ADD-0030,9010000062,276,2024-01-17,Done,"John Carlo Arroyo","2023-07-21 07:33:01"
000805,000163,INV-ADD-0082,9020000175,512,2024-03-24,Done,"Christian B. Salvacion","2023-07-21 07:33:08"
000806,000163,INV-ADD-0031,9010000063,13,2024-02-09,Done,"John Carlo Arroyo","2023-07-21 07:33:14"
000807,000163,INV-ADD-0083,9010000176,63,2024-03-27,Done,"Christian B. Salvacion","2023-07-21 07:33:22"
000808,000163,INV-ADD-0084,9020000176,437,2024-03-28,Done,"Christian B. Salvacion","2023-07-21 07:33:30"
000809,000163,INV-ADD-0032,9010000066,14,2023-12-07,Done,"John Carlo Arroyo","2023-07-21 07:33:36"
000810,000163,INV-ADD-0085,9020000176,429,2024-03-30,Done,"Christian B. Salvacion","2023-07-21 07:33:42"
000811,000163,INV-ADD-0033,9010000071,1277,2023-10-12,Done,"John Carlo Arroyo","2023-07-21 07:33:48"
000812,000163,INV-ADD-0086,9020000178,180,2024-03-26,Done,"Christian B. Salvacion","2023-07-21 07:33:55"
000813,000163,INV-ADD-0087,9020000206,13,2024-02-26,Done,"Christian B. Salvacion","2023-07-21 07:34:01"
000814,000163,INV-ADD-0034,9010000075,540,2024-03-01,Done,"John Carlo Arroyo","2023-07-21 07:34:07"
000815,000163,INV-ADD-0088,9020000207,446,2024-02-11,Done,"Christian B. Salvacion","2023-07-21 07:34:14"
000816,000163,INV-ADD-0035,9010000075,37,2024-03-02,Done,"John Carlo Arroyo","2023-07-21 07:34:55"
000817,000163,INV-ADD-0089,9020000207,442,2024-02-12,Done,"Christian B. Salvacion","2023-07-21 07:35:02"
000818,000163,INV-ADD-0090,9020000207,99,2024-02-13,Done,"Christian B. Salvacion","2023-07-21 07:35:08"
000819,000163,INV-ADD-0036,9010000075,1211,2024-06-14,Done,"John Carlo Arroyo","2023-07-21 07:35:14"
000820,000163,INV-ADD-0091,9020000226,33,2024-02-06,Done,"Christian B. Salvacion","2023-07-21 07:35:20"
000821,000163,INV-ADD-0037,9010000078,2610,2023-12-08,Done,"John Carlo Arroyo","2023-07-21 07:35:30"
000822,000163,INV-ADD-0092,9020000228,48,2024-01-01,Done,"Christian B. Salvacion","2023-07-21 07:35:36"
000823,000163,INV-ADD-0038,9010000083,794,2025-01-12,Done,"John Carlo Arroyo","2023-07-21 07:28:56"
000824,000163,INV-ADD-0093,9020000228,7,2024-02-06,Done,"Christian B. Salvacion","2023-07-21 07:35:41"
000825,000163,INV-ADD-0039,9010000083,239,2025-03-20,Done,"John Carlo Arroyo","2023-07-21 07:35:46"
000826,000163,INV-ADD-0094,9020000229,50,2024-02-10,Done,"Christian B. Salvacion","2023-07-21 07:35:53"
000827,000163,INV-ADD-0040,9010000083,1516,2025-04-11,Done,"John Carlo Arroyo","2023-07-21 07:35:58"
000828,000163,INV-ADD-0095,9020000229,40,2024-03-20,Done,"Christian B. Salvacion","2023-07-21 07:36:05"
000829,000163,INV-ADD-0041,9010000083,2600,2025-04-20,Done,"John Carlo Arroyo","2023-07-21 07:36:11"
000830,000163,INV-ADD-0096,9020000232,50,2024-03-29,Done,"Christian B. Salvacion","2023-07-21 07:36:17"
000831,000163,INV-ADD-0042,9010000084,120,2025-01-17,Done,"John Carlo Arroyo","2023-07-21 07:36:24"
000832,000163,INV-ADD-0097,9020000233,42,2024-03-29,Done,"Christian B. Salvacion","2023-07-21 07:36:30"
000833,000163,INV-ADD-0043,9010000084,1600,2025-04-11,Done,"John Carlo Arroyo","2023-07-21 07:36:35"
000834,000163,INV-ADD-0098,9020000236,479,2024-01-13,Done,"Christian B. Salvacion","2023-07-21 07:36:41"
000835,000163,INV-ADD-0044,9010000238,187,2024-03-06,Done,"John Carlo Arroyo","2023-07-21 07:36:48"
000836,000163,INV-ADD-0045,9010000238,162,2024-03-07,Done,"John Carlo Arroyo","2023-07-21 07:36:52"
000837,000163,INV-ADD-0046,9020000008,300,2023-10-25,Done,"John Carlo Arroyo","2023-07-21 07:37:01"
000838,000163,INV-ADD-0047,9020000008,411,2023-10-29,Done,"John Carlo Arroyo","2023-07-21 07:37:08"
000839,000163,INV-ADD-0048,9020000008,77,2023-11-02,Done,"John Carlo Arroyo","2023-07-21 07:37:13"
000840,000163,INV-ADD-0049,9020000008,32,2023-11-03,Done,"John Carlo Arroyo","2023-07-21 07:37:19"
000841,000163,INV-ADD-0050,9020000010,47,2024-01-11,Done,"John Carlo Arroyo","2023-07-21 07:37:25"
000842,000164,9800522704,9020000021,1280,2024-04-08,Done,"Shilaley Trilles","2023-07-24 04:17:20"
000843,000162,BMOU2609404,9020000233,1264,2024-06-23,Done,"Shilaley Trilles","2023-07-21 11:07:15"
000844,000164,9800522706,9020000036,1280,2024-04-06,Done,"Crist Anthony Rafael","2023-07-21 23:46:30"
000845,000166,9800522718,9010000023,864,2024-01-21,Done,"Crist Anthony Rafael","2023-07-22 00:32:30"
000846,000165,KOCU2127428,9020000232,1300,2024-07-22,Done,"Crist Anthony Rafael","2023-07-22 05:00:51"
000847,000166,9800522716,9010000054,720,2024-01-11,Done,"Crist Anthony Rafael","2023-07-21 22:43:43"
000848,000166,9800522713,9010000009,720,2024-01-11,Done,"Crist Anthony Rafael","2023-07-22 05:51:35"
000849,000166,9800522722,9010000023,864,2024-01-21,Done,"Shilaley Trilles","2023-07-24 04:16:52"
000850,000166,9800522714,9010000019,720,2024-01-13,Done,"Shilaley Trilles","2023-07-22 05:57:41"
000851,000167,9800522673,9020000175,864,2024-03-24,Done,"Shilaley Trilles","2023-07-24 04:13:13"
000852,000167,9800522673,9020000175,96,2024-03-25,Done,"Shilaley Trilles","2023-07-24 04:13:27"
000853,000167,9800522674,9020000178,128,2024-03-27,Done,"Shilaley Trilles","2023-07-24 04:12:34"
000854,000167,9800522674,9020000178,512,2024-03-29,Done,"Shilaley Trilles","2023-07-24 04:12:24"
000855,000167,9800522998,9020000236,120,2024-01-11,Done,"Shilaley Trilles","2023-07-24 04:10:42"
000857,000167,9800522998,9020000236,1080,2024-01-13,Done,"Shilaley Trilles","2023-07-24 04:10:26"
000858,000168,TGKU1467979,9020000232,1300,2024-06-22,Done,"Shilaley Trilles","2023-07-22 06:34:49"
000859,000169,WFHUI466712,9020000231,1300,2024-06-23,Done,"Shilaley Trilles","2023-07-22 07:41:01"
000860,000169,FCIU5005659,9020000233,1300,2024-06-23,Done,"Shilaley Trilles","2023-07-22 12:04:20"
000861,000169,KYWU2130484,9020000231,1300,2024-06-23,Done,"Crist Anthony Rafael","2023-07-22 13:43:51"
000862,000169,FCIU5005279,9020000232,1300,2024-06-22,Done,"Crist Anthony Rafael","2023-07-24 04:10:08"
000863,000172,9800523272,9020000022,160,2024-04-03,Done,"Crist Anthony Rafael","2023-07-24 04:08:30"
000864,000172,9800523272,9020000022,32,2024-04-04,Done,"Crist Anthony Rafael","2023-07-24 04:09:14"
000865,000172,9800523272,9020000022,160,2024-04-05,Done,"Crist Anthony Rafael","2023-07-24 04:09:30"
000866,000172,9800523272,9020000022,288,2024-04-06,Done,"Crist Anthony Rafael","2023-07-24 04:09:40"
000867,000170,"HMMU 2120279",9020000233,1300,2024-06-23,Done,"Crist Anthony Rafael","2023-07-24 04:08:07"
000868,000171,"KOCU 2217938",9020000232,1300,2024-06-22,Done,"Crist Anthony Rafael","2023-07-24 04:07:42"
000869,000173,"KOCU 2176649",9020000233,1294,2024-06-23,Done,"Crist Anthony Rafael","2023-07-24 04:05:37"
000870,000172,9800522685,9020000048,960,2024-04-21,Done,"Crist Anthony Rafael","2023-07-24 04:05:19"
000871,000172,9800522684,9020000048,960,2024-04-21,Done,"Shilaley Trilles","2023-07-24 04:04:58"
000872,000174,9800522689,9020000048,960,2024-04-21,Done,"Shilaley Trilles","2023-07-24 05:47:05"
000873,000174,9800523268,9020000030,288,2024-04-14,Done,"Shilaley Trilles","2023-07-25 11:23:29"
000874,000174,9800523268,9020000030,672,2024-04-13,Done,"Shilaley Trilles","2023-07-25 11:23:36"
000875,000175,9800523978,9010000059,850,2024-01-23,Done,"Christian Cordova","2023-07-25 07:12:30"
000876,000175,9800523983,9010000023,864,2024-01-21,Done,"Christian Cordova","2023-07-25 07:12:57"
000877,000175,9800523978,9010000059,14,2024-01-23,Done,"Christian Cordova","2023-07-25 07:12:45"
000878,000175,9800523984,9010000023,864,2024-01-20,Done,"Christian Cordova","2023-07-25 05:07:43"
000879,000175,9800523982,9010000023,864,2024-01-20,Done,"Christian Cordova","2023-07-25 05:37:10"
000880,000177,9800523826,9020000207,960,2024-03-20,Done,"Christian Cordova","2023-07-29 05:12:40"
000881,000177,9800523825,9020000207,528,2024-03-09,Pending,"Shilaley Trilles","2023-07-24 23:28:29"
000882,000177,9800523825,9020000207,432,2024-03-10,Pending,"Shilaley Trilles","2023-07-24 23:29:03"
000883,000175,9800523977,9010000059,1152,2024-01-23,Done,"Shilaley Trilles","2023-07-25 08:04:56"
000884,000175,9800523980,9010000023,1248,2024-01-20,Done,"Shilaley Trilles","2023-07-25 14:10:44"
000885,000175,9800523975,9010000059,1536,2024-01-22,Done,"Shilaley Trilles","2023-07-26 06:36:23"
000886,000175,9800523976,9010000059,1536,2024-01-23,Done,"Shilaley Trilles","2023-07-25 17:07:40"
000887,000175,9800523981,9010000023,1152,2024-01-21,Pending,"Christian Cordova","2023-07-25 11:16:27"
000888,000176,9800523812,9020000027,18,2024-04-12,Pending,"Christian Cordova","2023-07-25 11:52:51"
000889,000176,9800523812,9020000027,1262,2024-04-14,Pending,"Christian Cordova","2023-07-25 11:53:21"
000890,000178,9800524275,9010000051,965,2024-06-16,Done,"Christian Cordova","2023-07-28 00:23:52"
000891,000178,9800524275,9010000051,642,2024-06-17,Done,"Christian Cordova","2023-07-28 00:24:00"
000892,000176,9800523822,9020000025,1120,2024-04-01,Done,"Christian Cordova","2023-07-28 02:32:40"
000893,000176,9800523813,9020000027,1272,2024-04-14,Pending,"Shilaley Trilles","2023-07-26 00:38:37"
000894,000180,9800524264,9020000052,288,2024-04-24,Done,"Shilaley Trilles","2023-07-26 12:06:51"
000895,000180,9800524264,9020000052,672,2024-04-25,Done,"Shilaley Trilles","2023-07-26 12:06:58"
000896,000180,9800524262,9020000052,48,2024-04-24,Done,"Shilaley Trilles","2023-07-26 10:58:48"
000897,000180,9800524262,9020000052,912,2024-04-25,Done,"Shilaley Trilles","2023-07-26 10:58:53"
000898,000180,9800524261,9020000052,960,2024-04-25,Done,"Shilaley Trilles","2023-07-26 11:01:24"
000899,000181,9800524268,9020000207,960,2024-03-20,Done,"Shilaley Trilles","2023-07-31 02:05:20"
000900,000178,9800524276,9010000059,1248,2024-01-22,Done,"Shilaley Trilles","2023-07-29 20:13:46"
000901,000176,9800523820,9020000025,1120,2024-04-23,Done,"Shilaley Trilles","2023-07-28 11:12:22"
000902,000179,9800524271,9020000031,800,2024-04-08,Done,"Shilaley Trilles","2023-07-28 06:09:52"
000903,000179,9800524271,9020000027,480,2024-04-14,Done,"Shilaley Trilles","2023-07-28 06:10:02"
000904,000179,9800524273,9020000027,1280,2024-04-14,Done,"Christian Cordova","2023-07-28 00:37:42"
000905,000178,9800524277,9010000059,1240,2024-01-22,Pending,"Christian Cordova","2023-07-26 13:55:07"
000906,000176,9800523817,9020000025,1120,2024-04-23,Pending,"Christian Cordova","2023-07-26 15:31:46"
000907,000175,9800523979,9010000059,864,2024-01-22,Pending,"Christian Cordova","2023-07-26 18:55:49"
000908,000183,9800524266,9020000207,960,2024-03-20,Done,"Shilaley Trilles","2023-07-28 03:25:01"
000909,000182,9800524859,9020000025,1120,2024-04-23,Done,"Shilaley Trilles","2023-07-27 17:32:48"
000910,000182,9800524857,9020000025,1120,2024-04-23,Done,"Shilaley Trilles","2023-07-27 14:59:24"
000911,000178,9800524281,9010000059,1152,2024-01-22,Done,"Shilaley Trilles","2023-07-28 01:21:50"
000912,000178,9800524278,9010000059,1536,2024-01-22,Done,"Shilaley Trilles","2023-07-27 18:52:11"
000913,000178,9800524280,9010000059,1536,2024-01-22,Done,"Christian Cordova","2023-07-27 20:43:40"
000914,000185,9800525300,9020000027,1280,2024-04-14,Done,"Christian Cordova","2023-07-29 01:50:17"
000915,000186,9800525286,9020000034,784,2024-03-21,Done,"Christian Cordova","2023-07-29 01:45:48"
000916,000186,9800525286,9020000034,176,2024-03-22,Done,"Christian Cordova","2023-07-29 01:45:56"
000917,000186,9800525294,9020000236,360,2024-01-17,Done,"Christian Cordova","2023-07-28 11:15:36"
000918,000186,9800525294,9020000236,840,2024-01-18,Done,"Christian Cordova","2023-07-28 11:15:41"
000919,000186,9800525438,9020000236,1080,2024-01-17,Done,"Christian Cordova","2023-07-29 02:02:36"
000920,000186,9800525438,9020000236,120,2024-01-26,Done,"Christian Cordova","2023-07-29 02:02:44"
000921,000186,9800525283,9020000034,288,2024-03-21,Done,"Shilaley Trilles","2023-07-29 05:29:14"
000922,000186,9800525283,9020000034,624,2024-03-22,Done,"Shilaley Trilles","2023-07-29 05:29:22"
000923,000186,9800525283,9020000034,48,2024-03-23,Done,"Shilaley Trilles","2023-07-29 05:29:29"
000924,000186,9800525289,9020000236,780,2024-01-17,Done,"Shilaley Trilles","2023-07-29 01:52:42"
000925,000186,9800525289,9020000236,420,2024-01-18,Done,"Shilaley Trilles","2023-07-29 01:52:51"
000926,000187,9800525284,9020000034,288,2024-03-21,Pending,"Christian Cordova","2023-07-28 13:14:29"
000927,000187,9800525284,9020000034,576,2024-03-22,Pending,"Christian Cordova","2023-07-28 13:15:42"
000928,000187,9800525284,9020000034,96,2024-03-23,Pending,"Christian Cordova","2023-07-28 13:16:32"
000929,000185,9800525302,9020000025,1120,2024-04-24,Pending,"Shilaley Trilles","2023-07-28 17:37:46"
000930,000185,9800525306,9020000025,1120,2024-04-24,Pending,"Shilaley Trilles","2023-07-28 18:03:50"
000931,000185,9800525301,9020000025,1120,2024-04-24,Pending,"Shilaley Trilles","2023-07-28 18:29:41"
000932,000184,9010000035,9010000035,1087,2024-01-18,Pending,"Shilaley Trilles","2023-07-28 19:20:36"
000933,000185,9800525304,9020000025,1120,2024-04-24,Pending,"Shilaley Trilles","2023-07-28 20:47:37"
000934,000188,9800526316,9010000051,567,2024-06-17,Done,"Shilaley Trilles","2023-07-29 19:32:34"
000935,000188,9800526316,9010000044,150,2023-10-13,Pending,"Shilaley Trilles","2023-07-29 11:42:20"
000936,000189,9800526314,9020000030,960,2024-04-24,Done,"Shilaley Trilles","2023-07-31 02:29:43"
